<?xml version="1.0" encoding="UTF-8"?>
<databaseChangeLog
        xmlns="http://www.liquibase.org/xml/ns/dbchangelog"
        xmlns:xsi="http://www.w3.org/2001/XMLSchema-instance"
        xsi:schemaLocation="http://www.liquibase.org/xml/ns/dbchangelog
        http://www.liquibase.org/xml/ns/dbchangelog/dbchangelog-3.8.xsd">

    <include file="db/changelog/01-initial-schema.xml"/>
    <include file="db/changelog/02-insert-initial-data.xml"/>
    <include file="db/changelog/03-create-job-request-approval.xml"/>
    <include file="db/changelog/04-adding-coordinates-location.xml"/>
    <include file="db/changelog/05-multiple-levers-by-employee.xml"/>
    <include file="db/changelog/06-remove-multiple-siglum-and-location.xml"/>
    <include file="db/changelog/07-employee-siglum-one-many.xml"/>
    <include file="db/changelog/08-employee-adding-impersonal.xml"/>
    <include file="db/changelog/09-adding-fte-lever.xml"/>
    <include file="db/changelog/10-fte-as-float.xml"/>
    <include file="db/changelog/11-adding-properties-lever.xml"/>
    <include file="db/changelog/12-redesigned-job-request.xml"/>
    <include file="db/changelog/13-remove-job-request-approval.xml"/>
    <include file="db/changelog/14-refactor-job-request.xml"/>
    <include file="db/changelog/15-removing-duplicate-properties-job-request.xml"/>
    <include file="db/changelog/16-fte-as-float-lever.xml"/>
    <include file="db/changelog/17-remove-kapis-code-job-request.xml"/>
    <include file="db/changelog/18-changing-workload-location-siglum-relation.xml"/>
    <include file="db/changelog/19-changing-go-colum-workload.xml"/>
    <include file="db/changelog/20-workload-evolution.xml"/>
    <include file="db/changelog/21-eac-workload.xml"/>
    <include file="db/changelog/22-adding-siglum-visible-optim-user.xml"/>
    <include file="db/changelog/23-insert-initial-data-optim-user.xml"/>
    <include file="db/changelog/24-changing-relation-location-cost-center.xml"/>
    <include file="db/changelog/25-changing-location-cost-center.xml"/>
    <include file="db/changelog/26-relations-siglum.xml"/>
    <include file="db/changelog/27-checking-user-entity.xml"/>
    <include file="db/changelog/28-adding-roles-users.xml"/>
    <include file="db/changelog/29-adding-column-to-purchase-orders-table.xml"/>
    <include file="db/changelog/30-changing-column-value-type-from-purchase-order.xml"/>
    <include file="db/changelog/31-insert-new-user-rol-hot1qaa1-optim-user.xml"/>
    <include file="db/changelog/32-change-scenario-entity.xml"/>

</databaseChangeLog>
