{
  "workloadEvolutionList": [
      {
          "exercise": "OP24",
          "status": null,
          "khrsOwnDirect": 1900,
          "khrsOwnIndirect": 320,
          "khrsSubDirect": 600,
          "khrsSubIndirect": 75
      },
      {
          "exercise": "FCII24",
          "status": null,
          "khrsOwnDirect": 2000,
          "khrsOwnIndirect": 280,
          "khrsSubDirect": 500,
          "khrsSubIndirect": 30
      },
      {
          "exercise": "WIP",
          "status": null,
          "khrsOwnDirect": 2500,
          "khrsOwnIndirect": 320,
          "khrsSubDirect": 800,
          "khrsSubIndirect": 100
      }
  ],
  "lastStatus": "",
  "wipValue": "WIP",
  "multipleSiglums": false
}