{
  "realisticView": [
    1300,
    1289,
    1301,
    1329,
    1300,
    1302,
    1311.7,
    1323.25,
    1315.9,
    1333.2,
    1322.3,
    1337.2,
    1341.7
  ],
  "validationView": [
    1340,
    1339,
    1349,
    1353,
    1339,
    1350,
    1374.7,
    1363.25,
    1375.9,
    1383.2,
    1382.3,
    1387.2,
    1381.7
  ],
  "optimisticView": [
    1366,
    1388,
    1409,
    1423,
    1429,
    1430,
    1434.7,
    1453.25,
    1435.9,
    1443.2,
    1432.3,
    1427.2,
    1416.7
  ],
  "op": [
      2845,
      2835,
      2843,
      2821,
      2798.2,
      2789.6,
      2782.6,
      2786.1,
      2820.6,
      2849.8,
      2870.8,
      2885.2,
      2895.0
  ],
  "fcii": [
      2865,
      2855.9,
      2860.6,
      2874.2,
      2896.1,
      2908,
      2923.3,
      2907.6,
      2870.6,
      2850.8,
      2830.5,
      2807.5,
      2810.0
  ],
  "wip": [
      2895,
      2905.9,
      3080.6,
      3097.2,
      3030,
      3075.6,
      3123.3,
      3207.6,
      3332.4,
      3421,
      3520.5,
      3620.5,
      3720.0
  ],
  "wipValue": "WIP",
  "hcCeiling": 1350
}