[
  {
      "programName": "A400M",
      "programKHrsSum": 3796,
      "programsCount": 15
  },
  {
      "programName": "MRTT",
      "programKHrsSum": 1140.8,
      "programsCount": 10
  },
  {
      "programName": "CI",
      "programKHrsSum": 310.5,
      "programsCount": 5
  },
  {
      "programName": "Space Systems",
      "programKHrsSum": 2123.5,
      "programsCount": 13
  },
  {
      "programName": "INDIRECT",
      "programKHrsSum": 5530,
      "programsCount": 18
  }
]