{
  "purchaseOrders": 12600,
  "purchaseRequest": 2500,
  "baseline": 50625,
  "khrsPerQuarter": {
      "purchaseNotAproved": [
          {
            "quarter": "Q1",
            "keur": 2000
          },
          {
            "quarter": "Q2",
            "keur": 500
          }
      ],
      "purchaseAproved": [
          {
            "quarter": "Q1",
            "keur": 10600
          },
          {
            "quarter": "Q2",
            "keur": 2000
          }
      ]
  }
}