[
  {
      "leaver": -1,
      "leverType": "Pre-retirement",
      "recovery": 0
  },
  {
      "leaver": -49,
      "leverType": "Mobility Out",
      "recovery": 0
  },
  {
      "leaver": -5,
      "leverType": "Parental Leave",
      "recovery": 9
  },
  {
      "leaver": 5,
      "leverType": "Other Absence",
      "recovery": 10
  },
  {
      "leaver": -20,
      "leverType": "Retirement",
      "recovery": 0
  },
  {
      "leaver": 0,
      "leverType": " Pre-Retirement",
      "recovery": 0
  },
  {
      "leaver": -10,
      "leverType": "Long Term Sickness",
      "recovery": 20
  },
  {
      "leaver": -7,
      "leverType": "Temp release",
      "recovery": 0
  },
  {
      "leaver": -1,
      "leverType": "Shift Change",
      "recovery": 1
  }
]