<?xml version="1.0" encoding="UTF-8"?>
<databaseChangeLog
        xmlns="http://www.liquibase.org/xml/ns/dbchangelog"
        xmlns:xsi="http://www.w3.org/2001/XMLSchema-instance"
        xsi:schemaLocation="http://www.liquibase.org/xml/ns/dbchangelog
        http://www.liquibase.org/xml/ns/dbchangelog/dbchangelog-3.8.xsd">

    <changeSet id="2" author="optim">
        <sqlFile path="classpath:db/changelog/02/cost_center_insert.sql"/>
        <sqlFile path="classpath:db/changelog/02/head_count_insert.sql"/>
        <!-- <sqlFile path="classpath:db/changelog/02/job_request_insert.sql"/> -->
        <!-- <sqlFile path="classpath:db/changelog/02/lever_insert.sql"/> -->
        <!-- <sqlFile path="classpath:db/changelog/02/location_insert.sql"/> -->
        <sqlFile path="classpath:db/changelog/02/ppsid_insert.sql"/>
        <sqlFile path="classpath:db/changelog/02/purchase_orders_insert.sql"/>
        <sqlFile path="classpath:db/changelog/02/siglum_insert.sql"/>
        <sqlFile path="classpath:db/changelog/02/workload_insert.sql"/>
    </changeSet>

</databaseChangeLog>
