[
  {
      "country": "Germany",
      "site": "Backnang",
      "fteSum": 19,
      "longitude": 9.4297925,
      "latitude": 48.9470756
  },
  {
      "country": "Spain",
      "site": "Puerto de Santa Maria",
      "fteSum": 20.5,
      "longitude": -6.23298,
      "latitude": 36.59389
  },
  {
      "country": "Germany",
      "site": "Wunstorf",
      "fteSum": 7,
      "longitude": 8.8071646,
      "latitude": 53.0758196
  },
  {
      "country": "France",
      "site": "Elancourt",
      "fteSum": 31,
      "longitude": 1.949352,
      "latitude": 48.7681182
  },
  {
      "country": "Germany",
      "site": "Bremen",
      "fteSum": 7,
      "longitude": 8.8071646,
      "latitude": 53.0758196
  },
  {
      "country": "Spain",
      "site": "Sevilla",
      "fteSum": 9,
      "longitude": -3.73295,
      "latitude": 40.30571
  },
  {
      "country": "France",
      "site": "Toulouse",
      "fteSum": 26.600000023841858,
      "longitude": 1.949352,
      "latitude": 48.7681182
  },
  {
      "country": "Belgium",
      "site": "Diegem",
      "fteSum": 5.430000007152557,
      "longitude": 4.4452666,
      "latitude": 50.8899608
  },
  {
      "country": "Germany",
      "site": "Hallbergmoos",
      "fteSum": 24,
      "longitude": 11.7445128,
      "latitude": 48.3182064
  },
  {
      "country": "France",
      "site": "Toulouse",
      "fteSum": 2,
      "longitude": 7.1262071,
      "latitude": 43.5812868
  },
  {
      "country": "Germany",
      "site": "Ottobrunn",
      "fteSum": 2,
      "longitude": 8.8071646,
      "latitude": 53.0758196
  },
  {
      "country": "Romania",
      "site": "Bucharest",
      "fteSum": 9,
      "longitude": 26.1027202,
      "latitude": 44.4361414
  }
]