[
  {
      "id": 6,
      "costCenterCode": "13541410",
      "costCenterFinancialCode": "E113541410",
      "efficiency": 1604,
      "rateOwn": 85.9,
      "rateSub": 0,
      "location": {
          "id": 6,
          "country": "France",
          "site": "Toulouse",
          "kapisCode": "2854",
          "longitude": 1.949352,
          "latitude": 48.7681182
      }
  },
  {
      "id": 7,
      "costCenterCode": "13543410",
      "costCenterFinancialCode": "E113543410",
      "efficiency": 1604,
      "rateOwn": 85.9,
      "rateSub": 0,
      "location": {
          "id": 7,
          "country": "Germany",
          "site": "Wunstorf",
          "kapisCode": "5205",
          "longitude": 8.8071646,
          "latitude": 53.0758196
      }
  },
  {
      "id": 8,
      "costCenterCode": "13545410",
      "costCenterFinancialCode": "E113545410",
      "efficiency": 1604,
      "rateOwn": 85.9,
      "rateSub": 0,
      "location": {
          "id": 8,
          "country": "Romania",
          "site": "Bucharest",
          "kapisCode": "4369",
          "longitude": 26.1027202,
          "latitude": 44.4361414
      }
  },
  {
      "id": 9,
      "costCenterCode": "13563410",
      "costCenterFinancialCode": "E113563410",
      "efficiency": 1604,
      "rateOwn": 85.9,
      "rateSub": 0,
      "location": {
          "id": 9,
          "country": "France",
          "site": "Toulouse",
          "kapisCode": "2797",
          "longitude": 7.1262071,
          "latitude": 43.5812868
      }
  },
  {
      "id": 10,
      "costCenterCode": "13588411",
      "costCenterFinancialCode": "E113588411",
      "efficiency": 1604,
      "rateOwn": 85.9,
      "rateSub": 0,
      "location": {
          "id": 10,
          "country": "Germany",
          "site": "Ottobrunn",
          "kapisCode": "5211",
          "longitude": 8.8071646,
          "latitude": 53.0758196
      }
  },
  {
      "id": 11,
      "costCenterCode": "92095454",
      "costCenterFinancialCode": "E192095454",
      "efficiency": 1604,
      "rateOwn": 85.9,
      "rateSub": 88,
      "location": {
          "id": 11,
          "country": "Germany",
          "site": "Hallbergmoos",
          "kapisCode": "1382",
          "longitude": 11.7445128,
          "latitude": 48.3182064
      }
  },
  {
      "id": 301,
      "costCenterCode": "1312",
      "costCenterFinancialCode": "1099006635",
      "efficiency": 1529,
      "rateOwn": 138.2,
      "rateSub": 50,
      "location": {
          "id": 6,
          "country": "France",
          "site": "Toulouse",
          "kapisCode": "2854",
          "longitude": 1.949352,
          "latitude": 48.7681182
      }
  },
  {
      "id": 12,
      "costCenterCode": "92096454",
      "costCenterFinancialCode": "E192096454",
      "efficiency": 1604,
      "rateOwn": 85.9,
      "rateSub": 88,
      "location": {
          "id": 3525,
          "country": "Spain",
          "site": "Puerto de Santa Maria",
          "kapisCode": "1455",
          "longitude": -6.23298,
          "latitude": 36.59389
      }
  },
  {
      "id": 1,
      "costCenterCode": "6635",
      "costCenterFinancialCode": "1099006635",
      "efficiency": 1529,
      "rateOwn": 138.2,
      "rateSub": 50,
      "location": {
          "id": 1,
          "country": "Belgium",
          "site": "Diegem",
          "kapisCode": "1871",
          "longitude": 4.4452666,
          "latitude": 50.8899608
      }
  },
  {
      "id": 2,
      "costCenterCode": "4353",
      "costCenterFinancialCode": "1123004353",
      "efficiency": 1529,
      "rateOwn": 138.2,
      "rateSub": 50,
      "location": {
          "id": 2,
          "country": "Germany",
          "site": "Backnang",
          "kapisCode": "3763",
          "longitude": 9.4297925,
          "latitude": 48.9470756
      }
  },
  {
      "id": 3,
      "costCenterCode": "4565",
      "costCenterFinancialCode": "1123004565",
      "efficiency": 1529,
      "rateOwn": 138.2,
      "rateSub": 50,
      "location": {
          "id": 3,
          "country": "Germany",
          "site": "Bremen",
          "kapisCode": "1775",
          "longitude": 8.8071646,
          "latitude": 53.0758196
      }
  },
  {
      "id": 4,
      "costCenterCode": "4722",
      "costCenterFinancialCode": "1123004722",
      "efficiency": 1529,
      "rateOwn": 138.2,
      "rateSub": 50,
      "location": {
          "id": 4,
          "country": "Spain",
          "site": "Sevilla",
          "kapisCode": "1455",
          "longitude": -3.73295,
          "latitude": 40.30571
      }
  },
  {
      "id": 5,
      "costCenterCode": "P551",
      "costCenterFinancialCode": "126402P551",
      "efficiency": 1647.1,
      "rateOwn": 115.6,
      "rateSub": 50,
      "location": {
          "id": 5,
          "country": "France",
          "site": "Elancourt",
          "kapisCode": "1264",
          "longitude": 1.949352,
          "latitude": 48.7681182
      }
  }
]