{
  "content": [
      {
          "id": 2069,
          "employeeId": 317043,
          "direct": "Direct",
          "job": "AD Programme/Project Quality Management",
          "collar": "WC",
          "lastName": "Everhart",
          "firstName": "Sincere",
          "activeWorkforce": "AWF",
          "availabilityReason": "Unlimited contract",
          "contractType": "Unlimited",
          "impersonal": false,
          "siglum": {
              "id": 100,
              "siglumHR": "T1QSAC1",
              "siglum6": "T1QSAC",
              "siglum5": "T1QSA",
              "siglum4": "T1QS",
              "siglum3": "T1Q"
          },
          "costCenter": null,
          "levers": [],
          "jobRequest": null,
          "fte": 1
      },
      {
          "id": 76,
          "employeeId": 1000020,
          "direct": "Direct",
          "job": "Internal Auditor",
          "collar": "WC",
          "lastName": "Banner",
          "firstName": "Bruce",
          "activeWorkforce": "AWF",
          "availabilityReason": "Unlimited contract",
          "contractType": "Unlimited",
          "impersonal": false,
          "siglum": null,
          "costCenter": {
              "id": 6,
              "costCenterCode": "13541410",
              "costCenterFinancialCode": "E113541410",
              "efficiency": 1604,
              "rateOwn": 85.9,
              "rateSub": 0,
              "location": {
                  "id": 6,
                  "country": "France",
                  "site": "Toulouse",
                  "kapisCode": "2854",
                  "longitude": 1.949352,
                  "latitude": 48.7681182
              }
          },
          "levers": [],
          "jobRequest": null,
          "fte": 1
      },
      {
          "id": 75,
          "employeeId": 1000016,
          "direct": "Indirect",
          "job": "Business Management System & Expertise",
          "collar": "WC",
          "lastName": "Romanoff",
          "firstName": "Natasha",
          "activeWorkforce": "AWF",
          "availabilityReason": "Unlimited contract",
          "contractType": "Unlimited",
          "impersonal": false,
          "siglum": null,
          "costCenter": {
              "id": 6,
              "costCenterCode": "13541410",
              "costCenterFinancialCode": "E113541410",
              "efficiency": 1604,
              "rateOwn": 85.9,
              "rateSub": 0,
              "location": {
                  "id": 6,
                  "country": "France",
                  "site": "Toulouse",
                  "kapisCode": "2854",
                  "longitude": 1.949352,
                  "latitude": 48.7681182
              }
          },
          "levers": [
              {
                  "id": 1656,
                  "leverType": "Leased",
                  "highlights": null,
                  "startDate": "2024-05-01T00:00:00Z",
                  "endDate": "2024-12-31T00:00:00Z",
                  "direct": null,
                  "activeWorkforce": null,
                  "siglumDestination": null,
                  "fte": 1
              }
          ],
          "jobRequest": null,
          "fte": 1
      },
      {
          "id": 73,
          "employeeId": 1000001,
          "direct": "Indirect",
          "job": "Managing & Leading",
          "collar": "WC",
          "lastName": "Wayne",
          "firstName": "Bruce",
          "activeWorkforce": "AWF",
          "availabilityReason": "Unlimited contract",
          "contractType": "Unlimited",
          "impersonal": false,
          "siglum": null,
          "costCenter": {
              "id": 6,
              "costCenterCode": "13541410",
              "costCenterFinancialCode": "E113541410",
              "efficiency": 1604,
              "rateOwn": 85.9,
              "rateSub": 0,
              "location": {
                  "id": 6,
                  "country": "France",
                  "site": "Toulouse",
                  "kapisCode": "2854",
                  "longitude": 1.949352,
                  "latitude": 48.7681182
              }
          },
          "levers": [],
          "jobRequest": null,
          "fte": 1
      },
      {
          "id": 72,
          "employeeId": 1000002,
          "direct": "Indirect",
          "job": "Secretary / Assistant",
          "collar": "WC",
          "lastName": "Rogers",
          "firstName": "Steve",
          "activeWorkforce": "AWF",
          "availabilityReason": "Unlimited contract",
          "contractType": "Unlimited",
          "impersonal": false,
          "siglum": null,
          "costCenter": {
              "id": 6,
              "costCenterCode": "13541410",
              "costCenterFinancialCode": "E113541410",
              "efficiency": 1604,
              "rateOwn": 85.9,
              "rateSub": 0,
              "location": {
                  "id": 6,
                  "country": "France",
                  "site": "Toulouse",
                  "kapisCode": "2854",
                  "longitude": 1.949352,
                  "latitude": 48.7681182
              }
          },
          "levers": [
              {
                  "id": 3,
                  "leverType": "Other absence",
                  "highlights": "rrege",
                  "startDate": "2024-05-01T00:00:00Z",
                  "endDate": "2024-12-12T00:00:00Z",
                  "direct": null,
                  "activeWorkforce": null,
                  "siglumDestination": null,
                  "fte": -1
              }
          ],
          "jobRequest": null,
          "fte": 1
      },
      {
          "id": 71,
          "employeeId": 1000006,
          "direct": "Indirect",
          "job": "Managing & Leading",
          "collar": "WC",
          "lastName": "Blake",
          "firstName": "Donald",
          "activeWorkforce": "AWF",
          "availabilityReason": "Unlimited contract",
          "contractType": "Unlimited",
          "impersonal": false,
          "siglum": {
              "id": 4,
              "siglumHR": "T1Q",
              "siglum6": "T1Q",
              "siglum5": "T1Q",
              "siglum4": "T1Q",
              "siglum3": "T1Q"
          },
          "costCenter": {
              "id": 6,
              "costCenterCode": "13541410",
              "costCenterFinancialCode": "E113541410",
              "efficiency": 1604,
              "rateOwn": 85.9,
              "rateSub": 0,
              "location": {
                  "id": 6,
                  "country": "France",
                  "site": "Toulouse",
                  "kapisCode": "2854",
                  "longitude": 1.949352,
                  "latitude": 48.7681182
              }
          },
          "levers": [],
          "jobRequest": null,
          "fte": 1
      },
      {
          "id": 70,
          "employeeId": 1000026,
          "direct": "Direct",
          "job": "Internal Auditor",
          "collar": "WC",
          "lastName": "Stark",
          "firstName": "Tony",
          "activeWorkforce": "TEMP",
          "availabilityReason": "Limited contract",
          "contractType": "Limited",
          "impersonal": false,
          "siglum": null,
          "costCenter": {
              "id": 6,
              "costCenterCode": "13541410",
              "costCenterFinancialCode": "E113541410",
              "efficiency": 1604,
              "rateOwn": 85.9,
              "rateSub": 0,
              "location": {
                  "id": 6,
                  "country": "France",
                  "site": "Toulouse",
                  "kapisCode": "2854",
                  "longitude": 1.949352,
                  "latitude": 48.7681182
              }
          },
          "levers": [
              {
                  "id": 1659,
                  "leverType": "Parental leave",
                  "highlights": "test demo",
                  "startDate": "2023-12-12T00:00:00Z",
                  "endDate": "2024-12-01T00:00:00Z",
                  "direct": null,
                  "activeWorkforce": null,
                  "siglumDestination": null,
                  "fte": -1
              }
          ],
          "jobRequest": null,
          "fte": 1
      },
      {
          "id": 68,
          "employeeId": 1000022,
          "direct": "Direct",
          "job": "Internal Auditor",
          "collar": "WC",
          "lastName": "Vincent",
          "firstName": "Vaughn",
          "activeWorkforce": "AWF",
          "availabilityReason": "Unlimited contract",
          "contractType": "Unlimited",
          "impersonal": false,
          "siglum": null,
          "costCenter": {
              "id": 6,
              "costCenterCode": "13541410",
              "costCenterFinancialCode": "E113541410",
              "efficiency": 1604,
              "rateOwn": 85.9,
              "rateSub": 0,
              "location": {
                  "id": 6,
                  "country": "France",
                  "site": "Toulouse",
                  "kapisCode": "2854",
                  "longitude": 1.949352,
                  "latitude": 48.7681182
              }
          },
          "levers": [
              {
                  "id": 1662,
                  "leverType": "Mobility Out",
                  "highlights": "rrrr",
                  "startDate": "2024-11-29T00:00:00Z",
                  "endDate": null,
                  "direct": null,
                  "activeWorkforce": null,
                  "siglumDestination": null,
                  "fte": -1
              }
          ],
          "jobRequest": null,
          "fte": 1
      },
      {
          "id": 67,
          "employeeId": 1000021,
          "direct": "Direct",
          "job": "Organisation Approvals Management",
          "collar": "WC",
          "lastName": "Ursula",
          "firstName": "Underwood",
          "activeWorkforce": "AWF",
          "availabilityReason": "Unlimited contract",
          "contractType": "Unlimited",
          "impersonal": false,
          "siglum": null,
          "costCenter": {
              "id": 301,
              "costCenterCode": "1312",
              "costCenterFinancialCode": "1099006635",
              "efficiency": 1529,
              "rateOwn": 138.2,
              "rateSub": 50,
              "location": {
                  "id": 6,
                  "country": "France",
                  "site": "Toulouse",
                  "kapisCode": "2854",
                  "longitude": 1.949352,
                  "latitude": 48.7681182
              }
          },
          "levers": [
              {
                  "id": 2,
                  "leverType": "Parental leave",
                  "highlights": "retrre",
                  "startDate": "2024-12-18T00:00:00Z",
                  "endDate": "2025-07-17T00:00:00Z",
                  "direct": null,
                  "activeWorkforce": null,
                  "siglumDestination": null,
                  "fte": -1
              }
          ],
          "jobRequest": null,
          "fte": 1
      },
      {
          "id": 66,
          "employeeId": 1000018,
          "direct": "Direct",
          "job": "Quality Management System Surveillance",
          "collar": "WC",
          "lastName": "Black",
          "firstName": "Joe",
          "activeWorkforce": "AWF",
          "availabilityReason": "Unlimited contract",
          "contractType": "Unlimited",
          "impersonal": false,
          "siglum": null,
          "costCenter": {
              "id": 12,
              "costCenterCode": "92096454",
              "costCenterFinancialCode": "E192096454",
              "efficiency": 1604,
              "rateOwn": 85.9,
              "rateSub": 88,
              "location": {
                  "id": 3525,
                  "country": "Spain",
                  "site": "Puerto de Santa Maria",
                  "kapisCode": "1455",
                  "longitude": -6.23298,
                  "latitude": 36.59389
              }
          },
          "levers": [
              {
                  "id": 1,
                  "leverType": "Long-term sickness",
                  "highlights": "test neg",
                  "startDate": "2024-11-21T00:00:00Z",
                  "endDate": "2025-01-15T00:00:00Z",
                  "direct": null,
                  "activeWorkforce": null,
                  "siglumDestination": null,
                  "fte": -1
              }
          ],
          "jobRequest": null,
          "fte": 1
      }
  ],
  "page": {
      "size": 10,
      "number": 0,
      "totalElements": 1477,
      "totalPages": 148
  }
}