{
  "workloadEvolutionList": [
    {
        "exercise": "OP24",
        "status": null,
        "khrsOwnDirect": 1900,
        "khrsOwnIndirect": 320,
        "khrsSubDirect": 600,
        "khrsSubIndirect": 475
    },
    {
        "exercise": "FCII24",
        "status": null,
        "khrsOwnDirect": 2000,
        "khrsOwnIndirect": 280,
        "khrsSubDirect": 500,
        "khrsSubIndirect": 330
    },
    {
        "exercise": "First Submission",
        "status": null,
        "khrsOwnDirect": 2500,
        "khrsOwnIndirect": 320,
        "khrsSubDirect": 800,
        "khrsSubIndirect": 400
    },
    {
        "exercise": "QMC",
        "status": null,
        "khrsOwnDirect": 2500,
        "khrsOwnIndirect": 320,
        "khrsSubDirect": 800,
        "khrsSubIndirect": 200
    },
    {
        "exercise": "HOT1Q",
        "status": null,
        "khrsOwnDirect": 2500,
        "khrsOwnIndirect": 320,
        "khrsSubDirect": 800,
        "khrsSubIndirect": 150
    }
  ],
  "lastStatus": "APPROVED",
  "wipValue": "",
  "multipleSiglums": false
}