{
  "content": [
      {
          "id": 1322,
          "workdayNumber": "",
          "type": "Temporary Extension",
          "status": "On Hold",
          "description": "test sergio",
          "candidate": null,
          "startDate": "2025-11-05T00:00:00Z",
          "releaseDate": "2025-06-04T00:00:00Z",
          "postingDate": "2024-11-06T10:34:38.509Z",
          "external": true,
          "earlyCareer": true,
          "onTopHct": false,
          "isCritical": false,
          "activeWorkforce": "TEMP",
          "approvedQMC": false,
          "approvedSHRBPHOT1Q": false,
          "approvedHOCOOHOHRCOO": false,
          "approvedEmploymentCommitee": false,
          "direct": "Indirect",
          "collar": "BC",
          "siglum": {
              "id": 5,
              "siglumHR": "T1QA",
              "siglum6": "T1QA",
              "siglum5": "T1QA",
              "siglum4": "T1QA",
              "siglum3": "T1Q"
          },
          "costCenter": {
              "id": 3,
              "costCenterCode": "4565",
              "costCenterFinancialCode": "1123004565",
              "efficiency": 1529,
              "rateOwn": 138.2,
              "rateSub": 50,
              "location": {
                  "id": 3,
                  "country": "Germany",
                  "site": "Bremen",
                  "kapisCode": "1775",
                  "longitude": 8.8071646,
                  "latitude": 53.0758196
              }
          }
      },
      {
          "id": 1552,
          "workdayNumber": "JR12345678",
          "type": "Conversion",
          "status": "Filled",
          "description": "JR AWF No critical",
          "candidate": "Sergio Mazuelo",
          "startDate": "2024-11-13T00:00:00Z",
          "releaseDate": null,
          "postingDate": "2024-10-22T11:55:57.317Z",
          "external": false,
          "earlyCareer": true,
          "onTopHct": false,
          "isCritical": false,
          "activeWorkforce": "AWF",
          "approvedQMC": true,
          "approvedSHRBPHOT1Q": true,
          "approvedHOCOOHOHRCOO": true,
          "approvedEmploymentCommitee": true,
          "direct": "Direct",
          "collar": "BC",
          "siglum": {
              "id": 5,
              "siglumHR": "T1QA",
              "siglum6": "T1QA",
              "siglum5": "T1QA",
              "siglum4": "T1QA",
              "siglum3": "T1Q"
          },
          "costCenter": {
              "id": 1,
              "costCenterCode": "6635",
              "costCenterFinancialCode": "1099006635",
              "efficiency": 1529,
              "rateOwn": 138.2,
              "rateSub": 50,
              "location": {
                  "id": 1,
                  "country": "Belgium",
                  "site": "Diegem",
                  "kapisCode": "1871",
                  "longitude": 4.4452666,
                  "latitude": 50.8899608
              }
          }
      },
      {
          "id": 1553,
          "workdayNumber": "JR12345678",
          "type": "Creation",
          "status": "Filled",
          "description": "JR - AWF Critical",
          "candidate": "Roberto Sanchez",
          "startDate": "2024-11-24T00:00:00Z",
          "releaseDate": null,
          "postingDate": "2024-11-06T12:02:24.296Z",
          "external": false,
          "earlyCareer": true,
          "onTopHct": false,
          "isCritical": true,
          "activeWorkforce": "AWF",
          "approvedQMC": true,
          "approvedSHRBPHOT1Q": true,
          "approvedHOCOOHOHRCOO": true,
          "approvedEmploymentCommitee": false,
          "direct": "Direct",
          "collar": "WC",
          "siglum": {
              "id": 5,
              "siglumHR": "T1QA",
              "siglum6": "T1QA",
              "siglum5": "T1QA",
              "siglum4": "T1QA",
              "siglum3": "T1Q"
          },
          "costCenter": {
              "id": 10,
              "costCenterCode": "13588411",
              "costCenterFinancialCode": "E113588411",
              "efficiency": 1604,
              "rateOwn": 85.9,
              "rateSub": 0,
              "location": {
                  "id": 10,
                  "country": "Germany",
                  "site": "Ottobrunn",
                  "kapisCode": "5211",
                  "longitude": 8.8071646,
                  "latitude": 53.0758196
              }
          }
      },
      {
          "id": 1554,
          "workdayNumber": "",
          "type": "Creation",
          "status": "Opened",
          "description": "JR - AWF Critical pero ON TOP",
          "candidate": null,
          "startDate": "2024-11-17T00:00:00Z",
          "releaseDate": null,
          "postingDate": "2024-11-06T12:04:50.743Z",
          "external": false,
          "earlyCareer": true,
          "onTopHct": true,
          "isCritical": true,
          "activeWorkforce": "AWF",
          "approvedQMC": true,
          "approvedSHRBPHOT1Q": true,
          "approvedHOCOOHOHRCOO": true,
          "approvedEmploymentCommitee": true,
          "direct": "Indirect",
          "collar": "BC",
          "siglum": {
              "id": 6,
              "siglumHR": "T1QAA",
              "siglum6": "T1QAA",
              "siglum5": "T1QAA",
              "siglum4": "T1QA",
              "siglum3": "T1Q"
          },
          "costCenter": {
              "id": 9,
              "costCenterCode": "13563410",
              "costCenterFinancialCode": "E113563410",
              "efficiency": 1604,
              "rateOwn": 85.9,
              "rateSub": 0,
              "location": {
                  "id": 9,
                  "country": "France",
                  "site": "Toulouse",
                  "kapisCode": "2797",
                  "longitude": 7.1262071,
                  "latitude": 43.5812868
              }
          }
      },
      {
          "id": 1555,
          "workdayNumber": "JR23454311",
          "type": "Replacement",
          "status": "Filled",
          "description": "JR - TEMP HC Target IN - NO ON TOP",
          "candidate": "Jorge Caparros",
          "startDate": "2024-11-14T00:00:00Z",
          "releaseDate": "2025-12-16T00:00:00Z",
          "postingDate": "2024-11-06T12:13:21.767Z",
          "external": true,
          "earlyCareer": true,
          "onTopHct": false,
          "isCritical": false,
          "activeWorkforce": "TEMP",
          "approvedQMC": true,
          "approvedSHRBPHOT1Q": true,
          "approvedHOCOOHOHRCOO": false,
          "approvedEmploymentCommitee": false,
          "direct": "Direct",
          "collar": "BC",
          "siglum": {
              "id": 8,
              "siglumHR": "T1QAC",
              "siglum6": "T1QAC",
              "siglum5": "T1QAC",
              "siglum4": "T1QA",
              "siglum3": "T1Q"
          },
          "costCenter": {
              "id": 3,
              "costCenterCode": "4565",
              "costCenterFinancialCode": "1123004565",
              "efficiency": 1529,
              "rateOwn": 138.2,
              "rateSub": 50,
              "location": {
                  "id": 3,
                  "country": "Germany",
                  "site": "Bremen",
                  "kapisCode": "1775",
                  "longitude": 8.8071646,
                  "latitude": 53.0758196
              }
          }
      },
      {
          "id": 1556,
          "workdayNumber": "",
          "type": "Temporary Extension",
          "status": "Opened",
          "description": "JR - TEMP ON TOP - Critical",
          "candidate": null,
          "startDate": "2024-11-25T00:00:00Z",
          "releaseDate": "2025-07-23T00:00:00Z",
          "postingDate": "2024-11-06T12:16:16.455Z",
          "external": true,
          "earlyCareer": true,
          "onTopHct": true,
          "isCritical": true,
          "activeWorkforce": "TEMP",
          "approvedQMC": true,
          "approvedSHRBPHOT1Q": true,
          "approvedHOCOOHOHRCOO": true,
          "approvedEmploymentCommitee": true,
          "direct": "Indirect",
          "collar": "BC",
          "siglum": {
              "id": 19,
              "siglumHR": "T1QAML",
              "siglum6": "T1QAML",
              "siglum5": "T1QAM",
              "siglum4": "T1QA",
              "siglum3": "T1Q"
          },
          "costCenter": {
              "id": 7,
              "costCenterCode": "13543410",
              "costCenterFinancialCode": "E113543410",
              "efficiency": 1604,
              "rateOwn": 85.9,
              "rateSub": 0,
              "location": {
                  "id": 7,
                  "country": "Germany",
                  "site": "Wunstorf",
                  "kapisCode": "5205",
                  "longitude": 8.8071646,
                  "latitude": 53.0758196
              }
          }
      },
      {
          "id": 1702,
          "workdayNumber": "JR00000000",
          "type": "Creation",
          "status": "Filled",
          "description": "test Gianmarco",
          "candidate": "123",
          "startDate": "2024-11-05T00:00:00Z",
          "releaseDate": null,
          "postingDate": "2024-11-06T16:48:06.383Z",
          "external": false,
          "earlyCareer": true,
          "onTopHct": true,
          "isCritical": true,
          "activeWorkforce": "AWF",
          "approvedQMC": true,
          "approvedSHRBPHOT1Q": true,
          "approvedHOCOOHOHRCOO": true,
          "approvedEmploymentCommitee": true,
          "direct": "Direct",
          "collar": "BC",
          "siglum": {
              "id": 5,
              "siglumHR": "T1QA",
              "siglum6": "T1QA",
              "siglum5": "T1QA",
              "siglum4": "T1QA",
              "siglum3": "T1Q"
          },
          "costCenter": {
              "id": 10,
              "costCenterCode": "13588411",
              "costCenterFinancialCode": "E113588411",
              "efficiency": 1604,
              "rateOwn": 85.9,
              "rateSub": 0,
              "location": {
                  "id": 10,
                  "country": "Germany",
                  "site": "Ottobrunn",
                  "kapisCode": "5211",
                  "longitude": 8.8071646,
                  "latitude": 53.0758196
              }
          }
      },
      {
          "id": 1703,
          "workdayNumber": null,
          "type": "Temporary Extension",
          "status": "Opened",
          "description": "JR - TEMP ON TOP - Critical",
          "candidate": null,
          "startDate": "2024-11-25T00:00:00Z",
          "releaseDate": "2025-07-23T00:00:00Z",
          "postingDate": "2024-11-06T12:16:16.455Z",
          "external": true,
          "earlyCareer": true,
          "onTopHct": true,
          "isCritical": true,
          "activeWorkforce": "TEMP",
          "approvedQMC": true,
          "approvedSHRBPHOT1Q": true,
          "approvedHOCOOHOHRCOO": true,
          "approvedEmploymentCommitee": true,
          "direct": "Indirect",
          "collar": "BC",
          "siglum": {
              "id": 6,
              "siglumHR": "T1QAA",
              "siglum6": "T1QAA",
              "siglum5": "T1QAA",
              "siglum4": "T1QA",
              "siglum3": "T1Q"
          },
          "costCenter": {
              "id": 7,
              "costCenterCode": "13543410",
              "costCenterFinancialCode": "E113543410",
              "efficiency": 1604,
              "rateOwn": 85.9,
              "rateSub": 0,
              "location": {
                  "id": 7,
                  "country": "Germany",
                  "site": "Wunstorf",
                  "kapisCode": "5205",
                  "longitude": 8.8071646,
                  "latitude": 53.0758196
              }
          }
      },
      {
          "id": 2052,
          "workdayNumber": "JR56346363",
          "type": "Creation",
          "status": "Filled",
          "description": "jnin",
          "candidate": "Carmen Lopez",
          "startDate": "2024-11-18T00:00:00Z",
          "releaseDate": null,
          "postingDate": "2024-11-06T17:49:53.363Z",
          "external": false,
          "earlyCareer": true,
          "onTopHct": false,
          "isCritical": true,
          "activeWorkforce": "AWF",
          "approvedQMC": true,
          "approvedSHRBPHOT1Q": true,
          "approvedHOCOOHOHRCOO": true,
          "approvedEmploymentCommitee": false,
          "direct": "Direct",
          "collar": "BC",
          "siglum": {
              "id": 2,
              "siglumHR": "T1QTST-TL1",
              "siglum6": "T1QTST",
              "siglum5": "T1QTS",
              "siglum4": "T1QT",
              "siglum3": "T1Q"
          },
          "costCenter": {
              "id": 1,
              "costCenterCode": "6635",
              "costCenterFinancialCode": "1099006635",
              "efficiency": 1529,
              "rateOwn": 138.2,
              "rateSub": 50,
              "location": {
                  "id": 1,
                  "country": "Belgium",
                  "site": "Diegem",
                  "kapisCode": "1871",
                  "longitude": 4.4452666,
                  "latitude": 50.8899608
              }
          }
      },
      {
          "id": 2102,
          "workdayNumber": "JR12345678",
          "type": "Creation",
          "status": "Filled",
          "description": "test demo",
          "candidate": "Pedro",
          "startDate": "2025-02-03T00:00:00Z",
          "releaseDate": "2025-11-04T00:00:00Z",
          "postingDate": "2024-11-07T11:45:56.232Z",
          "external": true,
          "earlyCareer": true,
          "onTopHct": false,
          "isCritical": false,
          "activeWorkforce": "TEMP",
          "approvedQMC": true,
          "approvedSHRBPHOT1Q": true,
          "approvedHOCOOHOHRCOO": false,
          "approvedEmploymentCommitee": false,
          "direct": "Direct",
          "collar": "BC",
          "siglum": {
              "id": 6,
              "siglumHR": "T1QAA",
              "siglum6": "T1QAA",
              "siglum5": "T1QAA",
              "siglum4": "T1QA",
              "siglum3": "T1Q"
          },
          "costCenter": {
              "id": 12,
              "costCenterCode": "92096454",
              "costCenterFinancialCode": "E192096454",
              "efficiency": 1604,
              "rateOwn": 85.9,
              "rateSub": 88,
              "location": {
                  "id": 3525,
                  "country": "Spain",
                  "site": "Puerto de Santa Maria",
                  "kapisCode": "1455",
                  "longitude": -6.23298,
                  "latitude": 36.59389
              }
          }
      }
  ],
  "page": {
      "size": 10,
      "number": 0,
      "totalElements": 15,
      "totalPages": 2
  }
}