[
  {
      "id": 1,
      "country": "Belgium",
      "site": "Diegem",
      "kapisCode": "1871",
      "longitude": 4.4452666,
      "latitude": 50.8899608,
      "costCenters": [
          {
              "id": 1,
              "costCenterCode": "6635",
              "costCenterFinancialCode": "1099006635",
              "efficiency": 1529,
              "rateOwn": 138.2,
              "rateSub": 50
          }
      ],
      "purchaseOrders": {
          "id": 1,
          "description": "SUBCO_PO_QCM Activities in Sevilla",
          "provider": "Ferrari",
          "orderRequest": "1754991_1",
          "purchaseDocument": "CD01373546_1",
          "hmg": "F480",
          "pep": "P/101-54-5-678-3/VV22",
          "quarter": "Q1",
          "year": "2025",
          "approved": "true",
          "locationId": 1,
          "siglum": {
              "id": 1,
              "siglumHR": "T1QTST",
              "siglum6": "T1QTST",
              "siglum5": "T1QTS",
              "siglum4": "T1QT",
              "siglum3": "T1Q"
          },
          "keur": 8.974
      }
  },
  {
      "id": 2,
      "country": "Germany",
      "site": "Backnang",
      "kapisCode": "3763",
      "longitude": 9.4297925,
      "latitude": 48.9470756,
      "costCenters": [
          {
              "id": 2,
              "costCenterCode": "4353",
              "costCenterFinancialCode": "1123004353",
              "efficiency": 1529,
              "rateOwn": 138.2,
              "rateSub": 50
          }
      ],
      "purchaseOrders": {
          "id": 2,
          "description": "SUBCO_PO_QCM Activities in Sevilla",
          "provider": "Ferrari",
          "orderRequest": "1754991_2",
          "purchaseDocument": "CD01373546_2",
          "hmg": "F480",
          "pep": "P/101-54-5-678-3/VV23",
          "quarter": "Q1",
          "year": "2025",
          "approved": "true",
          "locationId": 2,
          "siglum": {
              "id": 1,
              "siglumHR": "T1QTST",
              "siglum6": "T1QTST",
              "siglum5": "T1QTS",
              "siglum4": "T1QT",
              "siglum3": "T1Q"
          },
          "keur": 0.898
      }
  },
  {
      "id": 3,
      "country": "Germany",
      "site": "Bremen",
      "kapisCode": "1775",
      "longitude": 8.8071646,
      "latitude": 53.0758196,
      "costCenters": [
          {
              "id": 3,
              "costCenterCode": "4565",
              "costCenterFinancialCode": "1123004565",
              "efficiency": 1529,
              "rateOwn": 138.2,
              "rateSub": 50
          }
      ],
      "purchaseOrders": {
          "id": 3,
          "description": "SUBCO_PO_QCM Activities in Sevilla",
          "provider": "Ferrari",
          "orderRequest": "1754991_3",
          "purchaseDocument": "CD01373546_3",
          "hmg": "F480",
          "pep": "P/101-54-5-678-3/VV24",
          "quarter": "Q1",
          "year": "2025",
          "approved": "true",
          "locationId": 3,
          "siglum": {
              "id": 1,
              "siglumHR": "T1QTST",
              "siglum6": "T1QTST",
              "siglum5": "T1QTS",
              "siglum4": "T1QT",
              "siglum3": "T1Q"
          },
          "keur": 6.732
      }
  },
  {
      "id": 5,
      "country": "France",
      "site": "Elancourt",
      "kapisCode": "1264",
      "longitude": 1.949352,
      "latitude": 48.7681182,
      "costCenters": [
          {
              "id": 5,
              "costCenterCode": "P551",
              "costCenterFinancialCode": "126402P551",
              "efficiency": 1647.1,
              "rateOwn": 115.6,
              "rateSub": 50
          }
      ],
      "purchaseOrders": {
          "id": 3,
          "description": "SUBCO_PO_QCM Activities in Sevilla",
          "provider": "Ferrari",
          "orderRequest": "1754991_3",
          "purchaseDocument": "CD01373546_3",
          "hmg": "F480",
          "pep": "P/101-54-5-678-3/VV24",
          "quarter": "Q1",
          "year": "2025",
          "approved": "true",
          "locationId": 3,
          "siglum": {
              "id": 1,
              "siglumHR": "T1QTST",
              "siglum6": "T1QTST",
              "siglum5": "T1QTS",
              "siglum4": "T1QT",
              "siglum3": "T1Q"
          },
          "keur": 6.732
      }
  },
  {
      "id": 6,
      "country": "France",
      "site": "Toulouse",
      "kapisCode": "2854",
      "longitude": 1.949352,
      "latitude": 48.7681182,
      "costCenters": [
          {
              "id": 6,
              "costCenterCode": "13541410",
              "costCenterFinancialCode": "E113541410",
              "efficiency": 1604,
              "rateOwn": 85.9,
              "rateSub": 0
          },
          {
              "id": 301,
              "costCenterCode": "1312",
              "costCenterFinancialCode": "1099006635",
              "efficiency": 1529,
              "rateOwn": 138.2,
              "rateSub": 50
          }
      ],
      "purchaseOrders": {
          "id": 4,
          "description": "SUBCO_PO_QCM Activities in Sevilla",
          "provider": "Ferrari",
          "orderRequest": "1754991_4",
          "purchaseDocument": "CD01373546_4",
          "hmg": "F480",
          "pep": "P/101-54-5-678-3/VV25",
          "quarter": "Q2",
          "year": "2025",
          "approved": "true",
          "locationId": 4,
          "siglum": {
              "id": 7,
              "siglumHR": "T1QAA1",
              "siglum6": "T1QAA1",
              "siglum5": "T1QAA",
              "siglum4": "T1QA",
              "siglum3": "T1Q"
          },
          "keur": 8.974
      }
  },
  {
      "id": 8,
      "country": "Romania",
      "site": "Bucharest",
      "kapisCode": "4369",
      "longitude": 26.1027202,
      "latitude": 44.4361414,
      "costCenters": [
          {
              "id": 8,
              "costCenterCode": "13545410",
              "costCenterFinancialCode": "E113545410",
              "efficiency": 1604,
              "rateOwn": 85.9,
              "rateSub": 0
          }
      ],
      "purchaseOrders": {
          "id": 5,
          "description": "SUBCO_PO_QCM Activities in Sevilla",
          "provider": "Ferrari",
          "orderRequest": "1754991_5",
          "purchaseDocument": "CD01373546_5",
          "hmg": "F480",
          "pep": "P/101-54-5-678-3/VV26",
          "quarter": "Q3",
          "year": "2025",
          "approved": "false",
          "locationId": 5,
          "siglum": {
              "id": 7,
              "siglumHR": "T1QAA1",
              "siglum6": "T1QAA1",
              "siglum5": "T1QAA",
              "siglum4": "T1QA",
              "siglum3": "T1Q"
          },
          "keur": 4.487
      }
  },
  {
      "id": 9,
      "country": "France",
      "site": "Toulouse",
      "kapisCode": "2797",
      "longitude": 7.1262071,
      "latitude": 43.5812868,
      "costCenters": [
          {
              "id": 9,
              "costCenterCode": "13563410",
              "costCenterFinancialCode": "E113563410",
              "efficiency": 1604,
              "rateOwn": 85.9,
              "rateSub": 0
          }
      ],
      "purchaseOrders": {
          "id": 6,
          "description": "SUBCO_PO_QCM Activities in Sevilla",
          "provider": "Ferrari",
          "orderRequest": "1754991_6",
          "purchaseDocument": "CD01373546_6",
          "hmg": "F480",
          "pep": "P/101-54-5-678-3/VV27",
          "quarter": "Q4",
          "year": "2025",
          "approved": "false",
          "locationId": 1,
          "siglum": {
              "id": 6,
              "siglumHR": "T1QAA",
              "siglum6": "T1QAA",
              "siglum5": "T1QAA",
              "siglum4": "T1QA",
              "siglum3": "T1Q"
          },
          "keur": 8.974
      }
  },
  {
      "id": 11,
      "country": "Germany",
      "site": "Hallbergmoos",
      "kapisCode": "1382",
      "longitude": 11.7445128,
      "latitude": 48.3182064,
      "costCenters": [
          {
              "id": 11,
              "costCenterCode": "92095454",
              "costCenterFinancialCode": "E192095454",
              "efficiency": 1604,
              "rateOwn": 85.9,
              "rateSub": 88
          }
      ],
      "purchaseOrders": {
          "id": 8,
          "description": "SUBCO_PO_QCM Activities in Sevilla",
          "provider": "Ferrari",
          "orderRequest": "1754991_8",
          "purchaseDocument": "CD01373546_8",
          "hmg": "F480",
          "pep": "P/101-54-5-678-3/VV29",
          "quarter": "Q2",
          "year": "2025",
          "approved": "false",
          "locationId": 6,
          "siglum": {
              "id": 6,
              "siglumHR": "T1QAA",
              "siglum6": "T1QAA",
              "siglum5": "T1QAA",
              "siglum4": "T1QA",
              "siglum3": "T1Q"
          },
          "keur": 0.898
      }
  },
  {
      "id": 182,
      "country": "Finland",
      "site": "Jyväskylä",
      "kapisCode": "4389",
      "longitude": null,
      "latitude": null,
      "costCenters": [],
      "purchaseOrders": {
          "id": 9,
          "description": "SUBCO_PO_QCM Activities in Sevilla",
          "provider": "Ferrari",
          "orderRequest": "1754991_9",
          "purchaseDocument": "CD01373546_9",
          "hmg": "F480",
          "pep": "P/101-54-5-678-3/VV30",
          "quarter": "Q2",
          "year": "2025",
          "approved": "false",
          "locationId": 3,
          "siglum": {
              "id": 1,
              "siglumHR": "T1QTST",
              "siglum6": "T1QTST",
              "siglum5": "T1QTS",
              "siglum4": "T1QT",
              "siglum3": "T1Q"
          },
          "keur": 0.898
      }
  },
  {
      "id": 227,
      "country": "Germany",
      "site": "Ottobrunn",
      "kapisCode": "1099",
      "longitude": null,
      "latitude": null,
      "costCenters": [],
      "purchaseOrders": {
          "id": 10,
          "description": "SUBCO_PO_QCM Activities in Sevilla",
          "provider": "Ferrari",
          "orderRequest": "1754991_10",
          "purchaseDocument": "CD01373546_10",
          "hmg": "F480",
          "pep": "P/101-54-5-678-3/VV31",
          "quarter": "Q2",
          "year": "2025",
          "approved": "false",
          "locationId": 5,
          "siglum": {
              "id": 1,
              "siglumHR": "T1QTST",
              "siglum6": "T1QTST",
              "siglum5": "T1QTS",
              "siglum4": "T1QT",
              "siglum3": "T1Q"
          },
          "keur": 8.974
      }
  },
  {
      "id": 237,
      "country": "Germany",
      "site": "Jena",
      "kapisCode": "1284",
      "longitude": null,
      "latitude": null,
      "costCenters": [],
      "purchaseOrders": {
          "id": 12,
          "description": "SUBCO_PO_QCM Activities in Sevilla",
          "provider": "Ferrari",
          "orderRequest": "1754991_12",
          "purchaseDocument": "CD01373546_12",
          "hmg": "F480",
          "pep": "P/101-54-5-678-3/VV33",
          "quarter": "Q2",
          "year": "2025",
          "approved": "false",
          "locationId": 4,
          "siglum": {
              "id": 1,
              "siglumHR": "T1QTST",
              "siglum6": "T1QTST",
              "siglum5": "T1QTS",
              "siglum4": "T1QT",
              "siglum3": "T1Q"
          },
          "keur": 6.732
      }
  },
  {
      "id": 3393,
      "country": "Finland",
      "site": "Helsinki",
      "kapisCode": "4389",
      "longitude": null,
      "latitude": null,
      "costCenters": [],
      "purchaseOrders": {
          "id": 8,
          "description": "SUBCO_PO_QCM Activities in Sevilla",
          "provider": "Ferrari",
          "orderRequest": "1754991_8",
          "purchaseDocument": "CD01373546_8",
          "hmg": "F480",
          "pep": "P/101-54-5-678-3/VV29",
          "quarter": "Q2",
          "year": "2025",
          "approved": "false",
          "locationId": 6,
          "siglum": {
              "id": 6,
              "siglumHR": "T1QAA",
              "siglum6": "T1QAA",
              "siglum5": "T1QAA",
              "siglum4": "T1QA",
              "siglum3": "T1Q"
          },
          "keur": 0.898
      }
  },
  {
      "id": 3397,
      "country": "France",
      "site": "Elancourt",
      "kapisCode": "2854",
      "longitude": null,
      "latitude": null,
      "costCenters": [],
      "purchaseOrders": {
          "id": 9,
          "description": "SUBCO_PO_QCM Activities in Sevilla",
          "provider": "Ferrari",
          "orderRequest": "1754991_9",
          "purchaseDocument": "CD01373546_9",
          "hmg": "F480",
          "pep": "P/101-54-5-678-3/VV30",
          "quarter": "Q2",
          "year": "2025",
          "approved": "false",
          "locationId": 3,
          "siglum": {
              "id": 1,
              "siglumHR": "T1QTST",
              "siglum6": "T1QTST",
              "siglum5": "T1QTS",
              "siglum4": "T1QT",
              "siglum3": "T1Q"
          },
          "keur": 0.898
      }
  },
  {
      "id": 3403,
      "country": "France",
      "site": "Istres",
      "kapisCode": "2854",
      "longitude": null,
      "latitude": null,
      "costCenters": [],
      "purchaseOrders": {
          "id": 12,
          "description": "SUBCO_PO_QCM Activities in Sevilla",
          "provider": "Ferrari",
          "orderRequest": "1754991_12",
          "purchaseDocument": "CD01373546_12",
          "hmg": "F480",
          "pep": "P/101-54-5-678-3/VV33",
          "quarter": "Q2",
          "year": "2025",
          "approved": "false",
          "locationId": 4,
          "siglum": {
              "id": 1,
              "siglumHR": "T1QTST",
              "siglum6": "T1QTST",
              "siglum5": "T1QTS",
              "siglum4": "T1QT",
              "siglum3": "T1Q"
          },
          "keur": 6.732
      }
  },
  {
      "id": 3431,
      "country": "Germany",
      "site": "Bremen",
      "kapisCode": "5211",
      "longitude": null,
      "latitude": null,
      "costCenters": [],
      "purchaseOrders": {
          "id": 2,
          "description": "SUBCO_PO_QCM Activities in Sevilla",
          "provider": "Ferrari",
          "orderRequest": "1754991_2",
          "purchaseDocument": "CD01373546_2",
          "hmg": "F480",
          "pep": "P/101-54-5-678-3/VV23",
          "quarter": "Q1",
          "year": "2025",
          "approved": "true",
          "locationId": 2,
          "siglum": {
              "id": 1,
              "siglumHR": "T1QTST",
              "siglum6": "T1QTST",
              "siglum5": "T1QTS",
              "siglum4": "T1QT",
              "siglum3": "T1Q"
          },
          "keur": 0.898
      }
  },
  {
      "id": 3438,
      "country": "Germany",
      "site": "Immenstaad am Bodensee",
      "kapisCode": "1099",
      "longitude": null,
      "latitude": null,
      "costCenters": [],
      "purchaseOrders": {
          "id": 5,
          "description": "SUBCO_PO_QCM Activities in Sevilla",
          "provider": "Ferrari",
          "orderRequest": "1754991_5",
          "purchaseDocument": "CD01373546_5",
          "hmg": "F480",
          "pep": "P/101-54-5-678-3/VV26",
          "quarter": "Q3",
          "year": "2025",
          "approved": "false",
          "locationId": 5,
          "siglum": {
              "id": 7,
              "siglumHR": "T1QAA1",
              "siglum6": "T1QAA1",
              "siglum5": "T1QAA",
              "siglum4": "T1QA",
              "siglum3": "T1Q"
          },
          "keur": 4.487
      }
  },
  {
      "id": 3439,
      "country": "Germany",
      "site": "Immenstaad am Bodensee",
      "kapisCode": "1123",
      "longitude": null,
      "latitude": null,
      "costCenters": [],
      "purchaseOrders": {
          "id": 4,
          "description": "SUBCO_PO_QCM Activities in Sevilla",
          "provider": "Ferrari",
          "orderRequest": "1754991_4",
          "purchaseDocument": "CD01373546_4",
          "hmg": "F480",
          "pep": "P/101-54-5-678-3/VV25",
          "quarter": "Q2",
          "year": "2025",
          "approved": "true",
          "locationId": 4,
          "siglum": {
              "id": 7,
              "siglumHR": "T1QAA1",
              "siglum6": "T1QAA1",
              "siglum5": "T1QAA",
              "siglum4": "T1QA",
              "siglum3": "T1Q"
          },
          "keur": 8.974
      }
  },
  {
      "id": 3446,
      "country": "Germany",
      "site": "Immenstaad am Bodensee",
      "kapisCode": "5211",
      "longitude": null,
      "latitude": null,
      "costCenters": [],
      "purchaseOrders": {
          "id": 3,
          "description": "SUBCO_PO_QCM Activities in Sevilla",
          "provider": "Ferrari",
          "orderRequest": "1754991_3",
          "purchaseDocument": "CD01373546_3",
          "hmg": "F480",
          "pep": "P/101-54-5-678-3/VV24",
          "quarter": "Q1",
          "year": "2025",
          "approved": "true",
          "locationId": 3,
          "siglum": {
              "id": 1,
              "siglumHR": "T1QTST",
              "siglum6": "T1QTST",
              "siglum5": "T1QTS",
              "siglum4": "T1QT",
              "siglum3": "T1Q"
          },
          "keur": 6.732
      }
  },
  {
      "id": 3447,
      "country": "Germany",
      "site": "Immenstaad am Bodensee",
      "kapisCode": "8718",
      "longitude": null,
      "latitude": null,
      "costCenters": [],
      "purchaseOrders": {
          "id": 2,
          "description": "SUBCO_PO_QCM Activities in Sevilla",
          "provider": "Ferrari",
          "orderRequest": "1754991_2",
          "purchaseDocument": "CD01373546_2",
          "hmg": "F480",
          "pep": "P/101-54-5-678-3/VV23",
          "quarter": "Q1",
          "year": "2025",
          "approved": "true",
          "locationId": 2,
          "siglum": {
              "id": 1,
              "siglumHR": "T1QTST",
              "siglum6": "T1QTST",
              "siglum5": "T1QTS",
              "siglum4": "T1QT",
              "siglum3": "T1Q"
          },
          "keur": 0.898
      }
  },
  {
      "id": 3449,
      "country": "Germany",
      "site": "Langenhagen",
      "kapisCode": "5205",
      "longitude": null,
      "latitude": null,
      "costCenters": [],
      "purchaseOrders": {
          "id": 6,
          "description": "SUBCO_PO_QCM Activities in Sevilla",
          "provider": "Ferrari",
          "orderRequest": "1754991_6",
          "purchaseDocument": "CD01373546_6",
          "hmg": "F480",
          "pep": "P/101-54-5-678-3/VV27",
          "quarter": "Q4",
          "year": "2025",
          "approved": "false",
          "locationId": 1,
          "siglum": {
              "id": 6,
              "siglumHR": "T1QAA",
              "siglum6": "T1QAA",
              "siglum5": "T1QAA",
              "siglum4": "T1QA",
              "siglum3": "T1Q"
          },
          "keur": 8.974
      }
  },
  {
      "id": 3450,
      "country": "Germany",
      "site": "Manching",
      "kapisCode": "5205",
      "longitude": null,
      "latitude": null,
      "costCenters": [],
      "purchaseOrders": null
  },
  {
      "id": 7,
      "country": "Germany",
      "site": "Wunstorf",
      "kapisCode": "5205",
      "longitude": 8.8071646,
      "latitude": 53.0758196,
      "costCenters": [
          {
              "id": 7,
              "costCenterCode": "13543410",
              "costCenterFinancialCode": "E113543410",
              "efficiency": 1604,
              "rateOwn": 85.9,
              "rateSub": 0
          }
      ],
      "purchaseOrders": {
          "id": 4,
          "description": "SUBCO_PO_QCM Activities in Sevilla",
          "provider": "Ferrari",
          "orderRequest": "1754991_4",
          "purchaseDocument": "CD01373546_4",
          "hmg": "F480",
          "pep": "P/101-54-5-678-3/VV25",
          "quarter": "Q2",
          "year": "2025",
          "approved": "true",
          "locationId": 4,
          "siglum": {
              "id": 7,
              "siglumHR": "T1QAA1",
              "siglum6": "T1QAA1",
              "siglum5": "T1QAA",
              "siglum4": "T1QA",
              "siglum3": "T1Q"
          },
          "keur": 8.974
      }
  },
  {
      "id": 10,
      "country": "Germany",
      "site": "Ottobrunn",
      "kapisCode": "5211",
      "longitude": 8.8071646,
      "latitude": 53.0758196,
      "costCenters": [
          {
              "id": 10,
              "costCenterCode": "13588411",
              "costCenterFinancialCode": "E113588411",
              "efficiency": 1604,
              "rateOwn": 85.9,
              "rateSub": 0
          }
      ],
      "purchaseOrders": {
          "id": 7,
          "description": "SUBCO_PO_QCM Activities in Sevilla",
          "provider": "Ferrari",
          "orderRequest": "1754991_7",
          "purchaseDocument": "CD01373546_7",
          "hmg": "F480",
          "pep": "P/101-54-5-678-3/VV28",
          "quarter": "Q4",
          "year": "2025",
          "approved": "false",
          "locationId": 6,
          "siglum": {
              "id": 6,
              "siglumHR": "T1QAA",
              "siglum6": "T1QAA",
              "siglum5": "T1QAA",
              "siglum4": "T1QA",
              "siglum3": "T1Q"
          },
          "keur": 4.487
      }
  },
  {
      "id": 228,
      "country": "Germany",
      "site": "Ottobrunn",
      "kapisCode": "1123",
      "longitude": null,
      "latitude": null,
      "costCenters": [],
      "purchaseOrders": {
          "id": 11,
          "description": "SUBCO_PO_QCM Activities in Sevilla",
          "provider": "Ferrari",
          "orderRequest": "1754991_11",
          "purchaseDocument": "CD01373546_11",
          "hmg": "F480",
          "pep": "P/101-54-5-678-3/VV32",
          "quarter": "Q2",
          "year": "2025",
          "approved": "false",
          "locationId": 5,
          "siglum": {
              "id": 1,
              "siglumHR": "T1QTST",
              "siglum6": "T1QTST",
              "siglum5": "T1QTS",
              "siglum4": "T1QT",
              "siglum3": "T1Q"
          },
          "keur": 6.732
      }
  },
  {
      "id": 236,
      "country": "Germany",
      "site": "Ulm",
      "kapisCode": "8718",
      "longitude": null,
      "latitude": null,
      "costCenters": [],
      "purchaseOrders": {
          "id": 12,
          "description": "SUBCO_PO_QCM Activities in Sevilla",
          "provider": "Ferrari",
          "orderRequest": "1754991_12",
          "purchaseDocument": "CD01373546_12",
          "hmg": "F480",
          "pep": "P/101-54-5-678-3/VV33",
          "quarter": "Q2",
          "year": "2025",
          "approved": "false",
          "locationId": 4,
          "siglum": {
              "id": 1,
              "siglumHR": "T1QTST",
              "siglum6": "T1QTST",
              "siglum5": "T1QTS",
              "siglum4": "T1QT",
              "siglum3": "T1Q"
          },
          "keur": 6.732
      }
  },
  {
      "id": 276,
      "country": "Germany",
      "site": "Ottobrunn",
      "kapisCode": "8706",
      "longitude": null,
      "latitude": null,
      "costCenters": [],
      "purchaseOrders": {
          "id": 12,
          "description": "SUBCO_PO_QCM Activities in Sevilla",
          "provider": "Ferrari",
          "orderRequest": "1754991_12",
          "purchaseDocument": "CD01373546_12",
          "hmg": "F480",
          "pep": "P/101-54-5-678-3/VV33",
          "quarter": "Q2",
          "year": "2025",
          "approved": "false",
          "locationId": 4,
          "siglum": {
              "id": 1,
              "siglumHR": "T1QTST",
              "siglum6": "T1QTST",
              "siglum5": "T1QTS",
              "siglum4": "T1QT",
              "siglum3": "T1Q"
          },
          "keur": 6.732
      }
  },
  {
      "id": 279,
      "country": "Germany",
      "site": "Ulm",
      "kapisCode": "2601",
      "longitude": null,
      "latitude": null,
      "costCenters": [],
      "purchaseOrders": {
          "id": 13,
          "description": "SUBCO_PO_QCM Activities in Sevilla",
          "provider": "Ferrari",
          "orderRequest": "1754991_13",
          "purchaseDocument": "CD01373546_13",
          "hmg": "F480",
          "pep": "P/101-54-5-678-3/VV34",
          "quarter": "Q3",
          "year": "2025",
          "approved": "false",
          "locationId": 3,
          "siglum": {
              "id": 1,
              "siglumHR": "T1QTST",
              "siglum6": "T1QTST",
              "siglum5": "T1QTS",
              "siglum4": "T1QT",
              "siglum3": "T1Q"
          },
          "keur": 6.732
      }
  },
  {
      "id": 282,
      "country": "Italy",
      "site": "Roma",
      "kapisCode": "1500",
      "longitude": null,
      "latitude": null,
      "costCenters": [],
      "purchaseOrders": {
          "id": 14,
          "description": "SUBCO_PO_QCM Activities in Sevilla",
          "provider": "Ferrari",
          "orderRequest": "1754991_14",
          "purchaseDocument": "CD01373546_14",
          "hmg": "F480",
          "pep": "P/101-54-5-678-3/VV35",
          "quarter": "Q4",
          "year": "2025",
          "approved": "false",
          "locationId": 2,
          "siglum": {
              "id": 1,
              "siglumHR": "T1QTST",
              "siglum6": "T1QTST",
              "siglum5": "T1QTS",
              "siglum4": "T1QT",
              "siglum3": "T1Q"
          },
          "keur": 8.976
      }
  },
  {
      "id": 283,
      "country": "Netherlands",
      "site": "Leiden",
      "kapisCode": "1027",
      "longitude": null,
      "latitude": null,
      "costCenters": [],
      "purchaseOrders": {
          "id": 15,
          "description": "SUBCO_PO_QCM Activities in Sevilla",
          "provider": "Ferrari",
          "orderRequest": "1754991_15",
          "purchaseDocument": "CD01373546_15",
          "hmg": "F480",
          "pep": "P/101-54-5-678-3/VV36",
          "quarter": "Q4",
          "year": "2025",
          "approved": "false",
          "locationId": 1,
          "siglum": {
              "id": 1,
              "siglumHR": "T1QTST",
              "siglum6": "T1QTST",
              "siglum5": "T1QTS",
              "siglum4": "T1QT",
              "siglum3": "T1Q"
          },
          "keur": 6.732
      }
  },
  {
      "id": 284,
      "country": "North Macedonia",
      "site": "Skopje",
      "kapisCode": "5308",
      "longitude": null,
      "latitude": null,
      "costCenters": [],
      "purchaseOrders": {
          "id": 15,
          "description": "SUBCO_PO_QCM Activities in Sevilla",
          "provider": "Ferrari",
          "orderRequest": "1754991_15",
          "purchaseDocument": "CD01373546_15",
          "hmg": "F480",
          "pep": "P/101-54-5-678-3/VV36",
          "quarter": "Q4",
          "year": "2025",
          "approved": "false",
          "locationId": 1,
          "siglum": {
              "id": 1,
              "siglumHR": "T1QTST",
              "siglum6": "T1QTST",
              "siglum5": "T1QTS",
              "siglum4": "T1QT",
              "siglum3": "T1Q"
          },
          "keur": 6.732
      }
  },
  {
      "id": 285,
      "country": "Norway",
      "site": "Lysaker",
      "kapisCode": "1619",
      "longitude": null,
      "latitude": null,
      "costCenters": [],
      "purchaseOrders": {
          "id": 15,
          "description": "SUBCO_PO_QCM Activities in Sevilla",
          "provider": "Ferrari",
          "orderRequest": "1754991_15",
          "purchaseDocument": "CD01373546_15",
          "hmg": "F480",
          "pep": "P/101-54-5-678-3/VV36",
          "quarter": "Q4",
          "year": "2025",
          "approved": "false",
          "locationId": 1,
          "siglum": {
              "id": 1,
              "siglumHR": "T1QTST",
              "siglum6": "T1QTST",
              "siglum5": "T1QTS",
              "siglum4": "T1QT",
              "siglum3": "T1Q"
          },
          "keur": 6.732
      }
  },
  {
      "id": 286,
      "country": "Saudi Arabia",
      "site": "Riyadh",
      "kapisCode": "1137",
      "longitude": null,
      "latitude": null,
      "costCenters": [],
      "purchaseOrders": {
          "id": 13,
          "description": "SUBCO_PO_QCM Activities in Sevilla",
          "provider": "Ferrari",
          "orderRequest": "1754991_13",
          "purchaseDocument": "CD01373546_13",
          "hmg": "F480",
          "pep": "P/101-54-5-678-3/VV34",
          "quarter": "Q3",
          "year": "2025",
          "approved": "false",
          "locationId": 3,
          "siglum": {
              "id": 1,
              "siglumHR": "T1QTST",
              "siglum6": "T1QTST",
              "siglum5": "T1QTS",
              "siglum4": "T1QT",
              "siglum3": "T1Q"
          },
          "keur": 6.732
      }
  },
  {
      "id": 308,
      "country": "Spain",
      "site": "Getafe",
      "kapisCode": "2917",
      "longitude": null,
      "latitude": null,
      "costCenters": [],
      "purchaseOrders": {
          "id": 4,
          "description": "SUBCO_PO_QCM Activities in Sevilla",
          "provider": "Ferrari",
          "orderRequest": "1754991_4",
          "purchaseDocument": "CD01373546_4",
          "hmg": "F480",
          "pep": "P/101-54-5-678-3/VV25",
          "quarter": "Q2",
          "year": "2025",
          "approved": "true",
          "locationId": 4,
          "siglum": {
              "id": 7,
              "siglumHR": "T1QAA1",
              "siglum6": "T1QAA1",
              "siglum5": "T1QAA",
              "siglum4": "T1QA",
              "siglum3": "T1Q"
          },
          "keur": 8.974
      }
  },
  {
      "id": 3478,
      "country": "Germany",
      "site": "Ottobrunn",
      "kapisCode": "5205",
      "longitude": null,
      "latitude": null,
      "costCenters": [],
      "purchaseOrders": null
  },
  {
      "id": 313,
      "country": "Spain",
      "site": "Madrid",
      "kapisCode": "7155",
      "longitude": null,
      "latitude": null,
      "costCenters": [],
      "purchaseOrders": {
          "id": 5,
          "description": "SUBCO_PO_QCM Activities in Sevilla",
          "provider": "Ferrari",
          "orderRequest": "1754991_5",
          "purchaseDocument": "CD01373546_5",
          "hmg": "F480",
          "pep": "P/101-54-5-678-3/VV26",
          "quarter": "Q3",
          "year": "2025",
          "approved": "false",
          "locationId": 5,
          "siglum": {
              "id": 7,
              "siglumHR": "T1QAA1",
              "siglum6": "T1QAA1",
              "siglum5": "T1QAA",
              "siglum4": "T1QA",
              "siglum3": "T1Q"
          },
          "keur": 4.487
      }
  },
  {
      "id": 3525,
      "country": "Spain",
      "site": "Puerto de Santa Maria",
      "kapisCode": "1455",
      "longitude": -6.23298,
      "latitude": 36.59389,
      "costCenters": [
          {
              "id": 12,
              "costCenterCode": "92096454",
              "costCenterFinancialCode": "E192096454",
              "efficiency": 1604,
              "rateOwn": 85.9,
              "rateSub": 88
          }
      ],
      "purchaseOrders": null
  },
  {
      "id": 3488,
      "country": "Germany",
      "site": "Ottobrunn",
      "kapisCode": "8718",
      "longitude": null,
      "latitude": null,
      "costCenters": [],
      "purchaseOrders": null
  },
  {
      "id": 3498,
      "country": "Spain",
      "site": "Getafe",
      "kapisCode": "1455",
      "longitude": null,
      "latitude": null,
      "costCenters": [],
      "purchaseOrders": null
  },
  {
      "id": 3551,
      "country": "United Kingdom",
      "site": "Portsmouth",
      "kapisCode": "2855",
      "longitude": null,
      "latitude": null,
      "costCenters": [],
      "purchaseOrders": null
  },
  {
      "id": 4,
      "country": "Spain",
      "site": "Sevilla",
      "kapisCode": "1455",
      "longitude": -3.73295,
      "latitude": 40.30571,
      "costCenters": [
          {
              "id": 4,
              "costCenterCode": "4722",
              "costCenterFinancialCode": "1123004722",
              "efficiency": 1529,
              "rateOwn": 138.2,
              "rateSub": 50
          }
      ],
      "purchaseOrders": {
          "id": 3,
          "description": "SUBCO_PO_QCM Activities in Sevilla",
          "provider": "Ferrari",
          "orderRequest": "1754991_3",
          "purchaseDocument": "CD01373546_3",
          "hmg": "F480",
          "pep": "P/101-54-5-678-3/VV24",
          "quarter": "Q1",
          "year": "2025",
          "approved": "true",
          "locationId": 3,
          "siglum": {
              "id": 1,
              "siglumHR": "T1QTST",
              "siglum6": "T1QTST",
              "siglum5": "T1QTS",
              "siglum4": "T1QT",
              "siglum3": "T1Q"
          },
          "keur": 6.732
      }
  },
  {
      "id": 339,
      "country": "United Kingdom",
      "site": "Newport",
      "kapisCode": "1844",
      "longitude": null,
      "latitude": null,
      "costCenters": [],
      "purchaseOrders": {
          "id": 6,
          "description": "SUBCO_PO_QCM Activities in Sevilla",
          "provider": "Ferrari",
          "orderRequest": "1754991_6",
          "purchaseDocument": "CD01373546_6",
          "hmg": "F480",
          "pep": "P/101-54-5-678-3/VV27",
          "quarter": "Q4",
          "year": "2025",
          "approved": "false",
          "locationId": 1,
          "siglum": {
              "id": 6,
              "siglumHR": "T1QAA",
              "siglum6": "T1QAA",
              "siglum5": "T1QAA",
              "siglum4": "T1QA",
              "siglum3": "T1Q"
          },
          "keur": 8.974
      }
  },
  {
      "id": 340,
      "country": "United Kingdom",
      "site": "Stevenage",
      "kapisCode": "2855",
      "longitude": null,
      "latitude": null,
      "costCenters": [],
      "purchaseOrders": {
          "id": 7,
          "description": "SUBCO_PO_QCM Activities in Sevilla",
          "provider": "Ferrari",
          "orderRequest": "1754991_7",
          "purchaseDocument": "CD01373546_7",
          "hmg": "F480",
          "pep": "P/101-54-5-678-3/VV28",
          "quarter": "Q4",
          "year": "2025",
          "approved": "false",
          "locationId": 6,
          "siglum": {
              "id": 6,
              "siglumHR": "T1QAA",
              "siglum6": "T1QAA",
              "siglum5": "T1QAA",
              "siglum4": "T1QA",
              "siglum3": "T1Q"
          },
          "keur": 4.487
      }
  }
]