{
  "realisticView": [
    1300,
    1289,
    1301,
    1329,
    1300,
    1302,
    1311.7,
    1323.25,
    1315.9,
    1333.2,
    1322.3,
    1337.2,
    1341.7
  ],
  "validationView": [
    1340,
    1339,
    1349,
    1353,
    1339,
    1350,
    1374.7,
    1363.25,
    1375.9,
    1383.2,
    1382.3,
    1387.2,
    1381.7
  ],
  "optimisticView": [
    1366,
    1388,
    1409,
    1423,
    1429,
    1430,
    1434.7,
    1453.25,
    1435.9,
    1443.2,
    1432.3,
    1427.2,
    1416.7
  ],
  "op": [
      1375,
      1335,
      1343,
      1321,
      1398.2,
      1389.6,
      1382.6,
      1386.1,
      1320.6,
      1349.8,
      1370.8,
      1385.2,
      1380.0
  ],
  "fcii": [
      1321,
      1355.9,
      1360.6,
      1374.2,
      1396.1,
      1308,
      1323.3,
      1307.6,
      1370.6,
      1350.8,
      1330.5,
      1307.5,
      1325.0
  ],
  "wip": [
      1524,
      1505.9,
      1480.6,
      1497.2,
      1530,
      1575.6,
      1523.3,
      1507.6,
      1532.4,
      1521,
      1520.5,
      1520.5,
      1550.0
  ],
  "wipValue": "HOT1Q",
  "hcCeiling": 1350
}