[
  {
      "availabilityReason": "Trainee (France / Spain)",
      "employeeCount": 3
  },
  {
      "availabilityReason": "Other absence leave",
      "employeeCount": 20
  },
  {
      "availabilityReason": "Regular",
      "employeeCount": 20
  },
  {
      "availabilityReason": "Parental leave absence",
      "employeeCount": 17
  },
  {
      "availabilityReason": "Longterm sickness absence",
      "employeeCount": 17
  },
  {
      "availabilityReason": "Work inability limited pension",
      "employeeCount": 1
  },
  {
      "availabilityReason": "Limited contract",
      "employeeCount": 1
  },
  {
      "availabilityReason": "Dormant Contract Home",
      "employeeCount": 4
  },
  {
      "availabilityReason": "Secondment/Internat.assignment",
      "employeeCount": 3
  },
  {
      "availabilityReason": "Unlimited contract",
      "employeeCount": 2
  }
]