{
  "content": [
      {
          "siglum": "T1QTST",
          "site": "Diegem",
          "description": "SUBCO_PO_QCM Activities in Sevilla",
          "provider": "Ferrari",
          "approved": "false",
          "quarter": "Q4",
          "year": "2025",
          "orderRequest": "1754991_15",
          "hmg": "F480",
          "pep": "P/101-54-5-678-3/VV36",
          "keur": 6.732,
          "orderId": 15
      },
      {
          "siglum": "T1QTST",
          "site": "Backnang",
          "description": "SUBCO_PO_QCM Activities in Sevilla",
          "provider": "Ferrari",
          "approved": "false",
          "quarter": "Q4",
          "year": "2025",
          "orderRequest": "1754991_14",
          "hmg": "F480",
          "pep": "P/101-54-5-678-3/VV35",
          "keur": 8.976,
          "orderId": 14
      },
      {
          "siglum": "T1QTST",
          "site": "Bremen",
          "description": "SUBCO_PO_QCM Activities in Sevilla",
          "provider": "Ferrari",
          "approved": "false",
          "quarter": "Q3",
          "year": "2025",
          "orderRequest": "1754991_13",
          "hmg": "F480",
          "pep": "P/101-54-5-678-3/VV34",
          "keur": 6.732,
          "orderId": 13
      },
      {
          "siglum": "T1QTST",
          "site": "Sevilla",
          "description": "SUBCO_PO_QCM Activities in Sevilla",
          "provider": "Ferrari",
          "approved": "false",
          "quarter": "Q2",
          "year": "2025",
          "orderRequest": "1754991_12",
          "hmg": "F480",
          "pep": "P/101-54-5-678-3/VV33",
          "keur": 6.732,
          "orderId": 12
      },
      {
          "siglum": "T1QTST",
          "site": "Elancourt",
          "description": "SUBCO_PO_QCM Activities in Sevilla",
          "provider": "Ferrari",
          "approved": "false",
          "quarter": "Q2",
          "year": "2025",
          "orderRequest": "1754991_11",
          "hmg": "F480",
          "pep": "P/101-54-5-678-3/VV32",
          "keur": 6.732,
          "orderId": 11
      },
      {
          "siglum": "T1QTST",
          "site": "Elancourt",
          "description": "SUBCO_PO_QCM Activities in Sevilla",
          "provider": "Ferrari",
          "approved": "false",
          "quarter": "Q2",
          "year": "2025",
          "orderRequest": "1754991_10",
          "hmg": "F480",
          "pep": "P/101-54-5-678-3/VV31",
          "keur": 8.974,
          "orderId": 10
      },
      {
          "siglum": "T1QTST",
          "site": "Bremen",
          "description": "SUBCO_PO_QCM Activities in Sevilla",
          "provider": "Ferrari",
          "approved": "false",
          "quarter": "Q2",
          "year": "2025",
          "orderRequest": "1754991_9",
          "hmg": "F480",
          "pep": "P/101-54-5-678-3/VV30",
          "keur": 0.898,
          "orderId": 9
      },
      {
          "siglum": "T1QAA",
          "site": "Toulouse",
          "description": "SUBCO_PO_QCM Activities in Sevilla",
          "provider": "Ferrari",
          "approved": "false",
          "quarter": "Q2",
          "year": "2025",
          "orderRequest": "1754991_8",
          "hmg": "F480",
          "pep": "P/101-54-5-678-3/VV29",
          "keur": 0.898,
          "orderId": 8
      },
      {
          "siglum": "T1QAA",
          "site": "Toulouse",
          "description": "SUBCO_PO_QCM Activities in Sevilla",
          "provider": "Ferrari",
          "approved": "false",
          "quarter": "Q4",
          "year": "2025",
          "orderRequest": "1754991_7",
          "hmg": "F480",
          "pep": "P/101-54-5-678-3/VV28",
          "keur": 4.487,
          "orderId": 7
      },
      {
          "siglum": "T1QAA",
          "site": "Diegem",
          "description": "SUBCO_PO_QCM Activities in Sevilla",
          "provider": "Ferrari",
          "approved": "false",
          "quarter": "Q4",
          "year": "2025",
          "orderRequest": "1754991_6",
          "hmg": "F480",
          "pep": "P/101-54-5-678-3/VV27",
          "keur": 8.974,
          "orderId": 6
      }
  ],
  "page": {
      "size": 10,
      "number": 0,
      "totalElements": 15,
      "totalPages": 2
  }
}