[
  {
      "id": 1,
      "siglumHR": "T1QTST",
      "siglum6": "T1QTST",
      "siglum5": "T1QTS",
      "siglum4": "T1QT",
      "siglum3": "T1Q"
  },
  {
      "id": 2,
      "siglumHR": "T1QTST-TL1",
      "siglum6": "T1QTST",
      "siglum5": "T1QTS",
      "siglum4": "T1QT",
      "siglum3": "T1Q"
  },
  {
      "id": 3,
      "siglumHR": "T1QTST-TL2",
      "siglum6": "T1QTST",
      "siglum5": "T1QTS",
      "siglum4": "T1QT",
      "siglum3": "T1Q"
  },
  {
      "id": 4,
      "siglumHR": "T1Q",
      "siglum6": "T1Q",
      "siglum5": "T1Q",
      "siglum4": "T1Q",
      "siglum3": "T1Q"
  },
  {
      "id": 5,
      "siglumHR": "T1QA",
      "siglum6": "T1QA",
      "siglum5": "T1QA",
      "siglum4": "T1QA",
      "siglum3": "T1Q"
  },
  {
      "id": 6,
      "siglumHR": "T1QAA",
      "siglum6": "T1QAA",
      "siglum5": "T1QAA",
      "siglum4": "T1QA",
      "siglum3": "T1Q"
  },
  {
      "id": 7,
      "siglumHR": "T1QAA1",
      "siglum6": "T1QAA1",
      "siglum5": "T1QAA",
      "siglum4": "T1QA",
      "siglum3": "T1Q"
  },
  {
      "id": 8,
      "siglumHR": "T1QAC",
      "siglum6": "T1QAC",
      "siglum5": "T1QAC",
      "siglum4": "T1QA",
      "siglum3": "T1Q"
  },
  {
      "id": 9,
      "siglumHR": "T1QACF",
      "siglum6": "T1QACF",
      "siglum5": "T1QAC",
      "siglum4": "T1QA",
      "siglum3": "T1Q"
  },
  {
      "id": 10,
      "siglumHR": "T1QACG",
      "siglum6": "T1QACG",
      "siglum5": "T1QAC",
      "siglum4": "T1QA",
      "siglum3": "T1Q"
  },
  {
      "id": 11,
      "siglumHR": "T1QACS",
      "siglum6": "T1QACS",
      "siglum5": "T1QAC",
      "siglum4": "T1QA",
      "siglum3": "T1Q"
  },
  {
      "id": 12,
      "siglumHR": "T1QAE",
      "siglum6": "T1QAE",
      "siglum5": "T1QAE",
      "siglum4": "T1QA",
      "siglum3": "T1Q"
  },
  {
      "id": 13,
      "siglumHR": "T1QAE1",
      "siglum6": "T1QAE1",
      "siglum5": "T1QAE",
      "siglum4": "T1QA",
      "siglum3": "T1Q"
  },
  {
      "id": 14,
      "siglumHR": "T1QAE2",
      "siglum6": "T1QAE2",
      "siglum5": "T1QAE",
      "siglum4": "T1QA",
      "siglum3": "T1Q"
  },
  {
      "id": 15,
      "siglumHR": "T1QAE2-TL1",
      "siglum6": "T1QAE2",
      "siglum5": "T1QAE",
      "siglum4": "T1QA",
      "siglum3": "T1Q"
  },
  {
      "id": 16,
      "siglumHR": "T1QAE2-TL2",
      "siglum6": "T1QAE2",
      "siglum5": "T1QAE",
      "siglum4": "T1QA",
      "siglum3": "T1Q"
  },
  {
      "id": 17,
      "siglumHR": "T1QAE3",
      "siglum6": "T1QAE3",
      "siglum5": "T1QAE",
      "siglum4": "T1QA",
      "siglum3": "T1Q"
  },
  {
      "id": 18,
      "siglumHR": "T1QAM",
      "siglum6": "T1QAM",
      "siglum5": "T1QAM",
      "siglum4": "T1QA",
      "siglum3": "T1Q"
  },
  {
      "id": 19,
      "siglumHR": "T1QAML",
      "siglum6": "T1QAML",
      "siglum5": "T1QAM",
      "siglum4": "T1QA",
      "siglum3": "T1Q"
  },
  {
      "id": 20,
      "siglumHR": "T1QAO",
      "siglum6": "T1QAO",
      "siglum5": "T1QAO",
      "siglum4": "T1QA",
      "siglum3": "T1Q"
  },
  {
      "id": 21,
      "siglumHR": "T1QAOA",
      "siglum6": "T1QAOA",
      "siglum5": "T1QAO",
      "siglum4": "T1QA",
      "siglum3": "T1Q"
  },
  {
      "id": 22,
      "siglumHR": "T1QAOA1",
      "siglum6": "T1QAOA",
      "siglum5": "T1QAO",
      "siglum4": "T1QA",
      "siglum3": "T1Q"
  },
  {
      "id": 23,
      "siglumHR": "T1QAOA2",
      "siglum6": "T1QAOA",
      "siglum5": "T1QAO",
      "siglum4": "T1QA",
      "siglum3": "T1Q"
  },
  {
      "id": 24,
      "siglumHR": "T1QAOA3",
      "siglum6": "T1QAOA",
      "siglum5": "T1QAO",
      "siglum4": "T1QA",
      "siglum3": "T1Q"
  },
  {
      "id": 25,
      "siglumHR": "T1QAOA4",
      "siglum6": "T1QAOA",
      "siglum5": "T1QAO",
      "siglum4": "T1QA",
      "siglum3": "T1Q"
  },
  {
      "id": 26,
      "siglumHR": "T1QAOA5",
      "siglum6": "T1QAOA",
      "siglum5": "T1QAO",
      "siglum4": "T1QA",
      "siglum3": "T1Q"
  },
  {
      "id": 27,
      "siglumHR": "T1QAOA6",
      "siglum6": "T1QAOA",
      "siglum5": "T1QAO",
      "siglum4": "T1QA",
      "siglum3": "T1Q"
  },
  {
      "id": 28,
      "siglumHR": "T1QAOC",
      "siglum6": "T1QAOC",
      "siglum5": "T1QAO",
      "siglum4": "T1QA",
      "siglum3": "T1Q"
  },
  {
      "id": 29,
      "siglumHR": "T1QAOC1",
      "siglum6": "T1QAOC",
      "siglum5": "T1QAO",
      "siglum4": "T1QA",
      "siglum3": "T1Q"
  },
  {
      "id": 30,
      "siglumHR": "T1QAOC2",
      "siglum6": "T1QAOC",
      "siglum5": "T1QAO",
      "siglum4": "T1QA",
      "siglum3": "T1Q"
  },
  {
      "id": 31,
      "siglumHR": "T1QAOC3",
      "siglum6": "T1QAOC",
      "siglum5": "T1QAO",
      "siglum4": "T1QA",
      "siglum3": "T1Q"
  },
  {
      "id": 32,
      "siglumHR": "T1QAOC4",
      "siglum6": "T1QAOC",
      "siglum5": "T1QAO",
      "siglum4": "T1QA",
      "siglum3": "T1Q"
  },
  {
      "id": 33,
      "siglumHR": "T1QAOC5",
      "siglum6": "T1QAOC",
      "siglum5": "T1QAO",
      "siglum4": "T1QA",
      "siglum3": "T1Q"
  },
  {
      "id": 34,
      "siglumHR": "T1QAOC6",
      "siglum6": "T1QAOC",
      "siglum5": "T1QAO",
      "siglum4": "T1QA",
      "siglum3": "T1Q"
  },
  {
      "id": 35,
      "siglumHR": "T1QAOE",
      "siglum6": "T1QAOE",
      "siglum5": "T1QAO",
      "siglum4": "T1QA",
      "siglum3": "T1Q"
  },
  {
      "id": 36,
      "siglumHR": "T1QAOL",
      "siglum6": "T1QAOL",
      "siglum5": "T1QAO",
      "siglum4": "T1QA",
      "siglum3": "T1Q"
  },
  {
      "id": 37,
      "siglumHR": "T1QAOL1",
      "siglum6": "T1QAOL",
      "siglum5": "T1QAO",
      "siglum4": "T1QA",
      "siglum3": "T1Q"
  },
  {
      "id": 38,
      "siglumHR": "T1QAOL2",
      "siglum6": "T1QAOL",
      "siglum5": "T1QAO",
      "siglum4": "T1QA",
      "siglum3": "T1Q"
  },
  {
      "id": 39,
      "siglumHR": "T1QAOL3",
      "siglum6": "T1QAOL",
      "siglum5": "T1QAO",
      "siglum4": "T1QA",
      "siglum3": "T1Q"
  },
  {
      "id": 40,
      "siglumHR": "T1QAON",
      "siglum6": "T1QAON",
      "siglum5": "T1QAO",
      "siglum4": "T1QA",
      "siglum3": "T1Q"
  },
  {
      "id": 41,
      "siglumHR": "T1QAON1",
      "siglum6": "T1QAON",
      "siglum5": "T1QAO",
      "siglum4": "T1QA",
      "siglum3": "T1Q"
  },
  {
      "id": 42,
      "siglumHR": "T1QAON2",
      "siglum6": "T1QAON",
      "siglum5": "T1QAO",
      "siglum4": "T1QA",
      "siglum3": "T1Q"
  },
  {
      "id": 43,
      "siglumHR": "T1QAOP",
      "siglum6": "T1QAOP",
      "siglum5": "T1QAO",
      "siglum4": "T1QA",
      "siglum3": "T1Q"
  },
  {
      "id": 44,
      "siglumHR": "T1QAOP1",
      "siglum6": "T1QAOP",
      "siglum5": "T1QAO",
      "siglum4": "T1QA",
      "siglum3": "T1Q"
  },
  {
      "id": 45,
      "siglumHR": "T1QAOP2",
      "siglum6": "T1QAOP",
      "siglum5": "T1QAO",
      "siglum4": "T1QA",
      "siglum3": "T1Q"
  },
  {
      "id": 46,
      "siglumHR": "T1QAOP3",
      "siglum6": "T1QAOP",
      "siglum5": "T1QAO",
      "siglum4": "T1QA",
      "siglum3": "T1Q"
  },
  {
      "id": 47,
      "siglumHR": "T1QAOP4",
      "siglum6": "T1QAOP",
      "siglum5": "T1QAO",
      "siglum4": "T1QA",
      "siglum3": "T1Q"
  },
  {
      "id": 48,
      "siglumHR": "T1QAOR",
      "siglum6": "T1QAOR",
      "siglum5": "T1QAO",
      "siglum4": "T1QA",
      "siglum3": "T1Q"
  },
  {
      "id": 49,
      "siglumHR": "T1QAOR1",
      "siglum6": "T1QAOR",
      "siglum5": "T1QAO",
      "siglum4": "T1QA",
      "siglum3": "T1Q"
  },
  {
      "id": 50,
      "siglumHR": "T1QAOR2",
      "siglum6": "T1QAOR",
      "siglum5": "T1QAO",
      "siglum4": "T1QA",
      "siglum3": "T1Q"
  },
  {
      "id": 51,
      "siglumHR": "T1QAOR3",
      "siglum6": "T1QAOR",
      "siglum5": "T1QAO",
      "siglum4": "T1QA",
      "siglum3": "T1Q"
  },
  {
      "id": 52,
      "siglumHR": "T1QAOS",
      "siglum6": "T1QAOS",
      "siglum5": "T1QAO",
      "siglum4": "T1QA",
      "siglum3": "T1Q"
  },
  {
      "id": 53,
      "siglumHR": "T1QAOS1",
      "siglum6": "T1QAOS",
      "siglum5": "T1QAO",
      "siglum4": "T1QA",
      "siglum3": "T1Q"
  },
  {
      "id": 54,
      "siglumHR": "T1QAOS2",
      "siglum6": "T1QAOS",
      "siglum5": "T1QAO",
      "siglum4": "T1QA",
      "siglum3": "T1Q"
  },
  {
      "id": 55,
      "siglumHR": "T1QAOS3",
      "siglum6": "T1QAOS",
      "siglum5": "T1QAO",
      "siglum4": "T1QA",
      "siglum3": "T1Q"
  },
  {
      "id": 56,
      "siglumHR": "T1QAOS4",
      "siglum6": "T1QAOS",
      "siglum5": "T1QAO",
      "siglum4": "T1QA",
      "siglum3": "T1Q"
  },
  {
      "id": 57,
      "siglumHR": "T1QAOS5",
      "siglum6": "T1QAOS",
      "siglum5": "T1QAO",
      "siglum4": "T1QA",
      "siglum3": "T1Q"
  },
  {
      "id": 58,
      "siglumHR": "T1QAOT",
      "siglum6": "T1QAOT",
      "siglum5": "T1QAO",
      "siglum4": "T1QA",
      "siglum3": "T1Q"
  },
  {
      "id": 59,
      "siglumHR": "T1QAOT1",
      "siglum6": "T1QAOT",
      "siglum5": "T1QAO",
      "siglum4": "T1QA",
      "siglum3": "T1Q"
  },
  {
      "id": 60,
      "siglumHR": "T1QAOT2",
      "siglum6": "T1QAOT",
      "siglum5": "T1QAO",
      "siglum4": "T1QA",
      "siglum3": "T1Q"
  },
  {
      "id": 61,
      "siglumHR": "T1QAS",
      "siglum6": "T1QAS",
      "siglum5": "T1QAS",
      "siglum4": "T1QA",
      "siglum3": "T1Q"
  },
  {
      "id": 62,
      "siglumHR": "T1QAS1",
      "siglum6": "T1QAS1",
      "siglum5": "T1QAS",
      "siglum4": "T1QA",
      "siglum3": "T1Q"
  },
  {
      "id": 63,
      "siglumHR": "T1QAS11",
      "siglum6": "T1QAS1",
      "siglum5": "T1QAS",
      "siglum4": "T1QA",
      "siglum3": "T1Q"
  },
  {
      "id": 64,
      "siglumHR": "T1QAS2",
      "siglum6": "T1QAS2",
      "siglum5": "T1QAS",
      "siglum4": "T1QA",
      "siglum3": "T1Q"
  },
  {
      "id": 65,
      "siglumHR": "T1QAS21",
      "siglum6": "T1QAS2",
      "siglum5": "T1QAS",
      "siglum4": "T1QA",
      "siglum3": "T1Q"
  },
  {
      "id": 66,
      "siglumHR": "T1QAS22",
      "siglum6": "T1QAS2",
      "siglum5": "T1QAS",
      "siglum4": "T1QA",
      "siglum3": "T1Q"
  },
  {
      "id": 67,
      "siglumHR": "T1QAS3",
      "siglum6": "T1QAS3",
      "siglum5": "T1QAS",
      "siglum4": "T1QA",
      "siglum3": "T1Q"
  },
  {
      "id": 68,
      "siglumHR": "T1QAS31",
      "siglum6": "T1QAS3",
      "siglum5": "T1QAS",
      "siglum4": "T1QA",
      "siglum3": "T1Q"
  },
  {
      "id": 69,
      "siglumHR": "T1QAU",
      "siglum6": "T1QAU",
      "siglum5": "T1QAU",
      "siglum4": "T1QA",
      "siglum3": "T1Q"
  },
  {
      "id": 70,
      "siglumHR": "T1QC",
      "siglum6": "T1QC",
      "siglum5": "T1QC",
      "siglum4": "T1QC",
      "siglum3": "T1Q"
  },
  {
      "id": 71,
      "siglumHR": "T1QCD",
      "siglum6": "T1QCD",
      "siglum5": "T1QCD",
      "siglum4": "T1QC",
      "siglum3": "T1Q"
  },
  {
      "id": 72,
      "siglumHR": "T1QCDF",
      "siglum6": "T1QCDF",
      "siglum5": "T1QCD",
      "siglum4": "T1QC",
      "siglum3": "T1Q"
  },
  {
      "id": 73,
      "siglumHR": "T1QCDG",
      "siglum6": "T1QCDG",
      "siglum5": "T1QCD",
      "siglum4": "T1QC",
      "siglum3": "T1Q"
  },
  {
      "id": 74,
      "siglumHR": "T1QCE",
      "siglum6": "T1QCE",
      "siglum5": "T1QCE",
      "siglum4": "T1QC",
      "siglum3": "T1Q"
  },
  {
      "id": 75,
      "siglumHR": "T1QCP",
      "siglum6": "T1QCP",
      "siglum5": "T1QCP",
      "siglum4": "T1QC",
      "siglum3": "T1Q"
  },
  {
      "id": 76,
      "siglumHR": "T1QCPC",
      "siglum6": "T1QCPC",
      "siglum5": "T1QCP",
      "siglum4": "T1QC",
      "siglum3": "T1Q"
  },
  {
      "id": 77,
      "siglumHR": "T1QCPF",
      "siglum6": "T1QCPF",
      "siglum5": "T1QCP",
      "siglum4": "T1QC",
      "siglum3": "T1Q"
  },
  {
      "id": 78,
      "siglumHR": "T1QCPG",
      "siglum6": "T1QCPG",
      "siglum5": "T1QCP",
      "siglum4": "T1QC",
      "siglum3": "T1Q"
  },
  {
      "id": 79,
      "siglumHR": "T1QCPS",
      "siglum6": "T1QCPS",
      "siglum5": "T1QCP",
      "siglum4": "T1QC",
      "siglum3": "T1Q"
  },
  {
      "id": 80,
      "siglumHR": "T1QCS",
      "siglum6": "T1QCS",
      "siglum5": "T1QCS",
      "siglum4": "T1QC",
      "siglum3": "T1Q"
  },
  {
      "id": 81,
      "siglumHR": "T1QCSE",
      "siglum6": "T1QCSE",
      "siglum5": "T1QCS",
      "siglum4": "T1QC",
      "siglum3": "T1Q"
  },
  {
      "id": 82,
      "siglumHR": "T1QE",
      "siglum6": "T1QE",
      "siglum5": "T1QE",
      "siglum4": "T1QE",
      "siglum3": "T1Q"
  },
  {
      "id": 83,
      "siglumHR": "T1QED",
      "siglum6": "T1QED",
      "siglum5": "T1QED",
      "siglum4": "T1QE",
      "siglum3": "T1Q"
  },
  {
      "id": 84,
      "siglumHR": "T1QED1",
      "siglum6": "T1QED1",
      "siglum5": "T1QED",
      "siglum4": "T1QE",
      "siglum3": "T1Q"
  },
  {
      "id": 85,
      "siglumHR": "T1QED2",
      "siglum6": "T1QED2",
      "siglum5": "T1QED",
      "siglum4": "T1QE",
      "siglum3": "T1Q"
  },
  {
      "id": 86,
      "siglumHR": "T1QEM",
      "siglum6": "T1QEM",
      "siglum5": "T1QEM",
      "siglum4": "T1QE",
      "siglum3": "T1Q"
  },
  {
      "id": 87,
      "siglumHR": "T1QEP",
      "siglum6": "T1QEP",
      "siglum5": "T1QEP",
      "siglum4": "T1QE",
      "siglum3": "T1Q"
  },
  {
      "id": 88,
      "siglumHR": "T1QEP1",
      "siglum6": "T1QEP1",
      "siglum5": "T1QEP",
      "siglum4": "T1QE",
      "siglum3": "T1Q"
  },
  {
      "id": 89,
      "siglumHR": "T1QET",
      "siglum6": "T1QET",
      "siglum5": "T1QET",
      "siglum4": "T1QE",
      "siglum3": "T1Q"
  },
  {
      "id": 90,
      "siglumHR": "T1QM",
      "siglum6": "T1QM",
      "siglum5": "T1QM",
      "siglum4": "T1QM",
      "siglum3": "T1Q"
  },
  {
      "id": 91,
      "siglumHR": "T1QMA",
      "siglum6": "T1QMA",
      "siglum5": "T1QMA",
      "siglum4": "T1QM",
      "siglum3": "T1Q"
  },
  {
      "id": 92,
      "siglumHR": "T1QMB",
      "siglum6": "T1QMB",
      "siglum5": "T1QMB",
      "siglum4": "T1QM",
      "siglum3": "T1Q"
  },
  {
      "id": 93,
      "siglumHR": "T1QMC",
      "siglum6": "T1QMC",
      "siglum5": "T1QMC",
      "siglum4": "T1QM",
      "siglum3": "T1Q"
  },
  {
      "id": 94,
      "siglumHR": "T1QMP",
      "siglum6": "T1QMP",
      "siglum5": "T1QMP",
      "siglum4": "T1QM",
      "siglum3": "T1Q"
  },
  {
      "id": 95,
      "siglumHR": "T1QMPL",
      "siglum6": "T1QMPL",
      "siglum5": "T1QMP",
      "siglum4": "T1QM",
      "siglum3": "T1Q"
  },
  {
      "id": 96,
      "siglumHR": "T1QMPS",
      "siglum6": "T1QMPS",
      "siglum5": "T1QMP",
      "siglum4": "T1QM",
      "siglum3": "T1Q"
  },
  {
      "id": 97,
      "siglumHR": "T1QS",
      "siglum6": "T1QS",
      "siglum5": "T1QS",
      "siglum4": "T1QS",
      "siglum3": "T1Q"
  },
  {
      "id": 98,
      "siglumHR": "T1QSA",
      "siglum6": "T1QSA",
      "siglum5": "T1QSA",
      "siglum4": "T1QS",
      "siglum3": "T1Q"
  },
  {
      "id": 99,
      "siglumHR": "T1QSAC",
      "siglum6": "T1QSAC",
      "siglum5": "T1QSA",
      "siglum4": "T1QS",
      "siglum3": "T1Q"
  },
  {
      "id": 100,
      "siglumHR": "T1QSAC1",
      "siglum6": "T1QSAC",
      "siglum5": "T1QSA",
      "siglum4": "T1QS",
      "siglum3": "T1Q"
  },
  {
      "id": 101,
      "siglumHR": "T1QSAC2",
      "siglum6": "T1QSAC",
      "siglum5": "T1QSA",
      "siglum4": "T1QS",
      "siglum3": "T1Q"
  },
  {
      "id": 102,
      "siglumHR": "T1QSAC3",
      "siglum6": "T1QSAC",
      "siglum5": "T1QSA",
      "siglum4": "T1QS",
      "siglum3": "T1Q"
  },
  {
      "id": 103,
      "siglumHR": "T1QSAE",
      "siglum6": "T1QSAE",
      "siglum5": "T1QSA",
      "siglum4": "T1QS",
      "siglum3": "T1Q"
  },
  {
      "id": 104,
      "siglumHR": "T1QSAE1",
      "siglum6": "T1QSAE",
      "siglum5": "T1QSA",
      "siglum4": "T1QS",
      "siglum3": "T1Q"
  },
  {
      "id": 105,
      "siglumHR": "T1QSAI",
      "siglum6": "T1QSAI",
      "siglum5": "T1QSA",
      "siglum4": "T1QS",
      "siglum3": "T1Q"
  },
  {
      "id": 106,
      "siglumHR": "T1QSAJ",
      "siglum6": "T1QSAJ",
      "siglum5": "T1QSA",
      "siglum4": "T1QS",
      "siglum3": "T1Q"
  },
  {
      "id": 107,
      "siglumHR": "T1QSAN",
      "siglum6": "T1QSAN",
      "siglum5": "T1QSA",
      "siglum4": "T1QS",
      "siglum3": "T1Q"
  },
  {
      "id": 108,
      "siglumHR": "T1QSAZ",
      "siglum6": "T1QSAZ",
      "siglum5": "T1QSA",
      "siglum4": "T1QS",
      "siglum3": "T1Q"
  },
  {
      "id": 109,
      "siglumHR": "T1QSE",
      "siglum6": "T1QSE",
      "siglum5": "T1QSE",
      "siglum4": "T1QS",
      "siglum3": "T1Q"
  },
  {
      "id": 110,
      "siglumHR": "T1QSEA",
      "siglum6": "T1QSEA",
      "siglum5": "T1QSE",
      "siglum4": "T1QS",
      "siglum3": "T1Q"
  },
  {
      "id": 111,
      "siglumHR": "T1QSEA1",
      "siglum6": "T1QSEA",
      "siglum5": "T1QSE",
      "siglum4": "T1QS",
      "siglum3": "T1Q"
  },
  {
      "id": 112,
      "siglumHR": "T1QSEA2",
      "siglum6": "T1QSEA",
      "siglum5": "T1QSE",
      "siglum4": "T1QS",
      "siglum3": "T1Q"
  },
  {
      "id": 113,
      "siglumHR": "T1QSEA3",
      "siglum6": "T1QSEA",
      "siglum5": "T1QSE",
      "siglum4": "T1QS",
      "siglum3": "T1Q"
  },
  {
      "id": 114,
      "siglumHR": "T1QSED",
      "siglum6": "T1QSED",
      "siglum5": "T1QSE",
      "siglum4": "T1QS",
      "siglum3": "T1Q"
  },
  {
      "id": 115,
      "siglumHR": "T1QSEG",
      "siglum6": "T1QSEG",
      "siglum5": "T1QSE",
      "siglum4": "T1QS",
      "siglum3": "T1Q"
  },
  {
      "id": 116,
      "siglumHR": "T1QSEM",
      "siglum6": "T1QSEM",
      "siglum5": "T1QSE",
      "siglum4": "T1QS",
      "siglum3": "T1Q"
  },
  {
      "id": 117,
      "siglumHR": "T1QSEO",
      "siglum6": "T1QSEO",
      "siglum5": "T1QSE",
      "siglum4": "T1QS",
      "siglum3": "T1Q"
  },
  {
      "id": 118,
      "siglumHR": "T1QSM",
      "siglum6": "T1QSM",
      "siglum5": "T1QSM",
      "siglum4": "T1QS",
      "siglum3": "T1Q"
  },
  {
      "id": 119,
      "siglumHR": "T1QSME",
      "siglum6": "T1QSME",
      "siglum5": "T1QSM",
      "siglum4": "T1QS",
      "siglum3": "T1Q"
  },
  {
      "id": 120,
      "siglumHR": "T1QSME1",
      "siglum6": "T1QSME",
      "siglum5": "T1QSM",
      "siglum4": "T1QS",
      "siglum3": "T1Q"
  },
  {
      "id": 121,
      "siglumHR": "T1QSME2",
      "siglum6": "T1QSME",
      "siglum5": "T1QSM",
      "siglum4": "T1QS",
      "siglum3": "T1Q"
  },
  {
      "id": 122,
      "siglumHR": "T1QSMF",
      "siglum6": "T1QSMF",
      "siglum5": "T1QSM",
      "siglum4": "T1QS",
      "siglum3": "T1Q"
  },
  {
      "id": 123,
      "siglumHR": "T1QSMF1",
      "siglum6": "T1QSMF",
      "siglum5": "T1QSM",
      "siglum4": "T1QS",
      "siglum3": "T1Q"
  },
  {
      "id": 124,
      "siglumHR": "T1QSMF2",
      "siglum6": "T1QSMF",
      "siglum5": "T1QSM",
      "siglum4": "T1QS",
      "siglum3": "T1Q"
  },
  {
      "id": 125,
      "siglumHR": "T1QSMF3",
      "siglum6": "T1QSMF",
      "siglum5": "T1QSM",
      "siglum4": "T1QS",
      "siglum3": "T1Q"
  },
  {
      "id": 126,
      "siglumHR": "T1QSMF4",
      "siglum6": "T1QSMF",
      "siglum5": "T1QSM",
      "siglum4": "T1QS",
      "siglum3": "T1Q"
  },
  {
      "id": 127,
      "siglumHR": "T1QSMG",
      "siglum6": "T1QSMG",
      "siglum5": "T1QSM",
      "siglum4": "T1QS",
      "siglum3": "T1Q"
  },
  {
      "id": 128,
      "siglumHR": "T1QSMG1",
      "siglum6": "T1QSMG",
      "siglum5": "T1QSM",
      "siglum4": "T1QS",
      "siglum3": "T1Q"
  },
  {
      "id": 129,
      "siglumHR": "T1QSMG2",
      "siglum6": "T1QSMG",
      "siglum5": "T1QSM",
      "siglum4": "T1QS",
      "siglum3": "T1Q"
  },
  {
      "id": 130,
      "siglumHR": "T1QSMP",
      "siglum6": "T1QSMP",
      "siglum5": "T1QSM",
      "siglum4": "T1QS",
      "siglum3": "T1Q"
  },
  {
      "id": 131,
      "siglumHR": "T1QSMS",
      "siglum6": "T1QSMS",
      "siglum5": "T1QSM",
      "siglum4": "T1QS",
      "siglum3": "T1Q"
  },
  {
      "id": 132,
      "siglumHR": "T1QSMS1",
      "siglum6": "T1QSMS",
      "siglum5": "T1QSM",
      "siglum4": "T1QS",
      "siglum3": "T1Q"
  },
  {
      "id": 133,
      "siglumHR": "T1QSO",
      "siglum6": "T1QSO",
      "siglum5": "T1QSO",
      "siglum4": "T1QS",
      "siglum3": "T1Q"
  },
  {
      "id": 134,
      "siglumHR": "T1QSOB",
      "siglum6": "T1QSOB",
      "siglum5": "T1QSO",
      "siglum4": "T1QS",
      "siglum3": "T1Q"
  },
  {
      "id": 135,
      "siglumHR": "T1QSOE",
      "siglum6": "T1QSOE",
      "siglum5": "T1QSO",
      "siglum4": "T1QS",
      "siglum3": "T1Q"
  },
  {
      "id": 136,
      "siglumHR": "T1QSOF",
      "siglum6": "T1QSOF",
      "siglum5": "T1QSO",
      "siglum4": "T1QS",
      "siglum3": "T1Q"
  },
  {
      "id": 137,
      "siglumHR": "T1QSOF1",
      "siglum6": "T1QSOF",
      "siglum5": "T1QSO",
      "siglum4": "T1QS",
      "siglum3": "T1Q"
  },
  {
      "id": 138,
      "siglumHR": "T1QSOO",
      "siglum6": "T1QSOO",
      "siglum5": "T1QSO",
      "siglum4": "T1QS",
      "siglum3": "T1Q"
  },
  {
      "id": 139,
      "siglumHR": "T1QST",
      "siglum6": "T1QST",
      "siglum5": "T1QST",
      "siglum4": "T1QS",
      "siglum3": "T1Q"
  },
  {
      "id": 140,
      "siglumHR": "T1QSTO",
      "siglum6": "T1QSTO",
      "siglum5": "T1QST",
      "siglum4": "T1QS",
      "siglum3": "T1Q"
  },
  {
      "id": 141,
      "siglumHR": "T1QSTO1",
      "siglum6": "T1QSTO",
      "siglum5": "T1QST",
      "siglum4": "T1QS",
      "siglum3": "T1Q"
  },
  {
      "id": 142,
      "siglumHR": "T1QSTO2",
      "siglum6": "T1QSTO",
      "siglum5": "T1QST",
      "siglum4": "T1QS",
      "siglum3": "T1Q"
  },
  {
      "id": 143,
      "siglumHR": "T1QSTP",
      "siglum6": "T1QSTP",
      "siglum5": "T1QST",
      "siglum4": "T1QS",
      "siglum3": "T1Q"
  },
  {
      "id": 144,
      "siglumHR": "T1QSTS",
      "siglum6": "T1QSTS",
      "siglum5": "T1QST",
      "siglum4": "T1QS",
      "siglum3": "T1Q"
  },
  {
      "id": 145,
      "siglumHR": "T1QSTT",
      "siglum6": "T1QSTT",
      "siglum5": "T1QST",
      "siglum4": "T1QS",
      "siglum3": "T1Q"
  },
  {
      "id": 146,
      "siglumHR": "T1QTS",
      "siglum6": "T1QTST",
      "siglum5": "T1QTS",
      "siglum4": "T1QT",
      "siglum3": "T1Q"
  },
  {
      "id": 147,
      "siglumHR": "T2QTS",
      "siglum6": "T2QTST",
      "siglum5": "T2QTS",
      "siglum4": "T2QT",
      "siglum3": "T2Q"
  },
  {
      "id": 148,
      "siglumHR": "T3QTS",
      "siglum6": "T3QTST",
      "siglum5": "T3QTS",
      "siglum4": "T3QT",
      "siglum3": "T3Q"
  }
]