{
  "content": [
      {
          "id": 3553,
          "direct": "Indirect",
          "collar": null,
          "own": "OWN",
          "core": null,
          "go": true,
          "description": "test demo 2",
          "exercise": "BU",
          "startDate": "2025-02-01T00:00:00Z",
          "endDate": "2025-04-30T00:00:00Z",
          "eac": null,
          "readOnly": false,
          "costCenter": {
              "id": 8,
              "costCenterCode": "13545410",
              "costCenterFinancialCode": "E113545410",
              "efficiency": 1604,
              "rateOwn": 85.9,
              "rateSub": 0,
              "location": {
                  "id": 8,
                  "country": "Romania",
                  "site": "Bucharest",
                  "kapisCode": "4369",
                  "longitude": 26.1027202,
                  "latitude": 44.4361414
              }
          },
          "siglum": {
              "id": 7,
              "siglumHR": "T1QAA1",
              "siglum6": "T1QAA1",
              "siglum5": "T1QAA",
              "siglum4": "T1QA",
              "siglum3": "T1Q"
          },
          "ppsid": {
              "id": 75,
              "ppsid": "A400M_LC_DEV",
              "ppsidName": "A400M_LC_DEV",
              "muCode": "999999",
              "muText": "A250",
              "businessLine": "AirPower",
              "programLine": "A250",
              "productionCenter": "INDIRECT",
              "businessActivity": "INDIRECT",
              "backlogOrderIntake": "Backlog",
              "scenario": "Nominal"
          },
          "fte": null,
          "khrs": 9.9,
          "keur": null
      },
      {
          "id": 3552,
          "direct": "Direct",
          "collar": null,
          "own": "OWN",
          "core": null,
          "go": true,
          "description": "test demo data",
          "exercise": "BU",
          "startDate": "2025-01-31T00:00:00Z",
          "endDate": "2025-03-31T00:00:00Z",
          "eac": null,
          "readOnly": false,
          "costCenter": {
              "id": 6,
              "costCenterCode": "13541410",
              "costCenterFinancialCode": "E113541410",
              "efficiency": 1604,
              "rateOwn": 85.9,
              "rateSub": 0,
              "location": {
                  "id": 6,
                  "country": "France",
                  "site": "Toulouse",
                  "kapisCode": "2854",
                  "longitude": 1.949352,
                  "latitude": 48.7681182
              }
          },
          "siglum": {
              "id": 7,
              "siglumHR": "T1QAA1",
              "siglum6": "T1QAA1",
              "siglum5": "T1QAA",
              "siglum4": "T1QA",
              "siglum3": "T1Q"
          },
          "ppsid": {
              "id": 75,
              "ppsid": "A400M_LC_DEV",
              "ppsidName": "A400M_LC_DEV",
              "muCode": "999999",
              "muText": "A250",
              "businessLine": "AirPower",
              "programLine": "A250",
              "productionCenter": "INDIRECT",
              "businessActivity": "INDIRECT",
              "backlogOrderIntake": "Backlog",
              "scenario": "Nominal"
          },
          "fte": null,
          "khrs": 6,
          "keur": null
      },
      {
          "id": 3530,
          "direct": "Direct",
          "collar": "WC",
          "own": "OWN",
          "core": null,
          "go": true,
          "description": "ED L1 Quality -  - ",
          "exercise": "BU",
          "startDate": "2025-01-01T00:00:00Z",
          "endDate": "2025-12-01T00:00:00Z",
          "eac": true,
          "readOnly": false,
          "costCenter": {
              "id": 10,
              "costCenterCode": "13588411",
              "costCenterFinancialCode": "E113588411",
              "efficiency": 1604,
              "rateOwn": 85.9,
              "rateSub": 0,
              "location": {
                  "id": 10,
                  "country": "Germany",
                  "site": "Ottobrunn",
                  "kapisCode": "5211",
                  "longitude": 8.8071646,
                  "latitude": 53.0758196
              }
          },
          "siglum": {
              "id": 7,
              "siglumHR": "T1QAA1",
              "siglum6": "T1QAA1",
              "siglum5": "T1QAA",
              "siglum4": "T1QA",
              "siglum3": "T1Q"
          },
          "ppsid": {
              "id": 92,
              "ppsid": "A400M_LC_MATURITY",
              "ppsidName": "A400M_LC_MATURITY_IMPLEMENTATION (In service issue)",
              "muCode": "102302",
              "muText": "A400M",
              "businessLine": "AirPower",
              "programLine": "A400M",
              "productionCenter": "Other Activities",
              "businessActivity": "Maturity",
              "backlogOrderIntake": "Backlog",
              "scenario": "Pesimista"
          },
          "fte": null,
          "khrs": 5,
          "keur": 407.25
      },
      {
          "id": 3529,
          "direct": "Indirect",
          "collar": "WC",
          "own": "OWN",
          "core": null,
          "go": true,
          "description": "TEST",
          "exercise": "BU",
          "startDate": "2024-01-01T00:00:00Z",
          "endDate": "2024-12-01T00:00:00Z",
          "eac": true,
          "readOnly": false,
          "costCenter": {
              "id": 2,
              "costCenterCode": "4353",
              "costCenterFinancialCode": "1123004353",
              "efficiency": 1529,
              "rateOwn": 138.2,
              "rateSub": 50,
              "location": {
                  "id": 2,
                  "country": "Germany",
                  "site": "Backnang",
                  "kapisCode": "3763",
                  "longitude": 9.4297925,
                  "latitude": 48.9470756
              }
          },
          "siglum": {
              "id": 7,
              "siglumHR": "T1QAA1",
              "siglum6": "T1QAA1",
              "siglum5": "T1QAA",
              "siglum4": "T1QA",
              "siglum3": "T1Q"
          },
          "ppsid": {
              "id": 75,
              "ppsid": "A400M_LC_DEV",
              "ppsidName": "A400M_LC_DEV",
              "muCode": "999999",
              "muText": "A250",
              "businessLine": "AirPower",
              "programLine": "A250",
              "productionCenter": "INDIRECT",
              "businessActivity": "INDIRECT",
              "backlogOrderIntake": "Backlog",
              "scenario": "Nominal"
          },
          "fte": null,
          "khrs": 2,
          "keur": 153.13
      },
      {
          "id": 3528,
          "direct": "direct",
          "collar": "WC",
          "own": "SUB",
          "core": null,
          "go": false,
          "description": "SIRTAP DEVELOPMENT",
          "exercise": "BU",
          "startDate": "2025-01-01T00:00:00Z",
          "endDate": "2025-12-01T00:00:00Z",
          "eac": null,
          "readOnly": false,
          "costCenter": {
              "id": 7,
              "costCenterCode": "13543410",
              "costCenterFinancialCode": "E113543410",
              "efficiency": 1604,
              "rateOwn": 85.9,
              "rateSub": 0,
              "location": {
                  "id": 7,
                  "country": "Germany",
                  "site": "Wunstorf",
                  "kapisCode": "5205",
                  "longitude": 8.8071646,
                  "latitude": 53.0758196
              }
          },
          "siglum": {
              "id": 16,
              "siglumHR": "T1QAE2-TL2",
              "siglum6": "T1QAE2",
              "siglum5": "T1QAE",
              "siglum4": "T1QA",
              "siglum3": "T1Q"
          },
          "ppsid": null,
          "fte": null,
          "khrs": 0.7,
          "keur": 57.02
      },
      {
          "id": 3527,
          "direct": "Direct",
          "collar": "WC",
          "own": "SUB",
          "core": null,
          "go": true,
          "description": "SIRTAP - DESIGN &DEVELOPMENT - ",
          "exercise": "BU",
          "startDate": "2025-01-01T00:00:00Z",
          "endDate": "2025-12-01T00:00:00Z",
          "eac": null,
          "readOnly": false,
          "costCenter": {
              "id": 9,
              "costCenterCode": "13563410",
              "costCenterFinancialCode": "E113563410",
              "efficiency": 1604,
              "rateOwn": 85.9,
              "rateSub": 0,
              "location": {
                  "id": 9,
                  "country": "France",
                  "site": "Toulouse",
                  "kapisCode": "2797",
                  "longitude": 7.1262071,
                  "latitude": 43.5812868
              }
          },
          "siglum": {
              "id": 9,
              "siglumHR": "T1QACF",
              "siglum6": "T1QACF",
              "siglum5": "T1QAC",
              "siglum4": "T1QA",
              "siglum3": "T1Q"
          },
          "ppsid": null,
          "fte": null,
          "khrs": 1.3,
          "keur": 105.88
      },
      {
          "id": 3526,
          "direct": "Direct",
          "collar": "WC",
          "own": "OWN",
          "core": null,
          "go": true,
          "description": "ED L1 Quality -  - ",
          "exercise": "BU",
          "startDate": "2026-01-01T00:00:00Z",
          "endDate": "2026-12-01T00:00:00Z",
          "eac": null,
          "readOnly": false,
          "costCenter": {
              "id": 3,
              "costCenterCode": "4565",
              "costCenterFinancialCode": "1123004565",
              "efficiency": 1529,
              "rateOwn": 138.2,
              "rateSub": 50,
              "location": {
                  "id": 3,
                  "country": "Germany",
                  "site": "Bremen",
                  "kapisCode": "1775",
                  "longitude": 8.8071646,
                  "latitude": 53.0758196
              }
          },
          "siglum": {
              "id": 6,
              "siglumHR": "T1QAA",
              "siglum6": "T1QAA",
              "siglum5": "T1QAA",
              "siglum4": "T1QA",
              "siglum3": "T1Q"
          },
          "ppsid": null,
          "fte": null,
          "khrs": 5,
          "keur": 407.25
      },
      {
          "id": 3525,
          "direct": "Indirect",
          "collar": "WC",
          "own": "OWN",
          "core": null,
          "go": true,
          "description": "SERVICES TRAINING AND SIMULATORS - SERVICES SIMULATORS· FRANCE - ",
          "exercise": "BU",
          "startDate": "2025-01-01T00:00:00Z",
          "endDate": "2025-12-01T00:00:00Z",
          "eac": null,
          "readOnly": false,
          "costCenter": {
              "id": 6,
              "costCenterCode": "13541410",
              "costCenterFinancialCode": "E113541410",
              "efficiency": 1604,
              "rateOwn": 85.9,
              "rateSub": 0,
              "location": {
                  "id": 6,
                  "country": "France",
                  "site": "Toulouse",
                  "kapisCode": "2854",
                  "longitude": 1.949352,
                  "latitude": 48.7681182
              }
          },
          "siglum": {
              "id": 6,
              "siglumHR": "T1QAA",
              "siglum6": "T1QAA",
              "siglum5": "T1QAA",
              "siglum4": "T1QA",
              "siglum3": "T1Q"
          },
          "ppsid": null,
          "fte": null,
          "khrs": 0.15,
          "keur": 12.22
      },
      {
          "id": 3524,
          "direct": "Indirect",
          "collar": "WC",
          "own": "SUB",
          "core": null,
          "go": true,
          "description": "M&L SERVICES - SERVICES ENGINEERING (ASSURED) - ",
          "exercise": "BU",
          "startDate": "2025-01-01T00:00:00Z",
          "endDate": "2025-12-01T00:00:00Z",
          "eac": null,
          "readOnly": false,
          "costCenter": {
              "id": 5,
              "costCenterCode": "P551",
              "costCenterFinancialCode": "126402P551",
              "efficiency": 1647.1,
              "rateOwn": 115.6,
              "rateSub": 50,
              "location": {
                  "id": 5,
                  "country": "France",
                  "site": "Elancourt",
                  "kapisCode": "1264",
                  "longitude": 1.949352,
                  "latitude": 48.7681182
              }
          },
          "siglum": {
              "id": 6,
              "siglumHR": "T1QAA",
              "siglum6": "T1QAA",
              "siglum5": "T1QAA",
              "siglum4": "T1QA",
              "siglum3": "T1Q"
          },
          "ppsid": null,
          "fte": null,
          "khrs": 0.08,
          "keur": 3.81
      },
      {
          "id": 3523,
          "direct": "direct",
          "collar": "WC",
          "own": "OWN",
          "core": null,
          "go": true,
          "description": "SIRTAP DEVELOPMENT",
          "exercise": "BU",
          "startDate": "2026-01-01T00:00:00Z",
          "endDate": "2026-12-01T00:00:00Z",
          "eac": true,
          "readOnly": false,
          "costCenter": {
              "id": 2,
              "costCenterCode": "4353",
              "costCenterFinancialCode": "1123004353",
              "efficiency": 1529,
              "rateOwn": 138.2,
              "rateSub": 50,
              "location": {
                  "id": 2,
                  "country": "Germany",
                  "site": "Backnang",
                  "kapisCode": "3763",
                  "longitude": 9.4297925,
                  "latitude": 48.9470756
              }
          },
          "siglum": {
              "id": 7,
              "siglumHR": "T1QAA1",
              "siglum6": "T1QAA1",
              "siglum5": "T1QAA",
              "siglum4": "T1QA",
              "siglum3": "T1Q"
          },
          "ppsid": {
              "id": 92,
              "ppsid": "A400M_LC_MATURITY",
              "ppsidName": "A400M_LC_MATURITY_IMPLEMENTATION (In service issue)",
              "muCode": "102302",
              "muText": "A400M",
              "businessLine": "AirPower",
              "programLine": "A400M",
              "productionCenter": "Other Activities",
              "businessActivity": "Maturity",
              "backlogOrderIntake": "Backlog",
              "scenario": "Pesimista"
          },
          "fte": null,
          "khrs": 0.7,
          "keur": 57.02
      }
  ],
  "page": {
      "size": 10,
      "number": 0,
      "totalElements": 31,
      "totalPages": 4
  }
}